name,id,,label,description,attribution,type,updatedAt,createdAt,data_updated_at,columns_field_name,columns_description,provenance,,,
County Sheriff Reported Crimes,ahxi-5nsc,"Marin County, CA",1,"Reported crimes of the Marin County Sheriff's Department. Data is updated every four hours. Data begins as of January 1, 2013. Each reported crime includes its date/time, approximate location, crime type, and crime classification.

NOTE: For the safety and security of victims of crimes, street address locations, other than reported street intersections or highway locations, are not exact.  They are adjusted to the nearest block level.

There are two columns of city/town information.  The first is the reported city/town name in the crime records.  The second, which is not in the crime records, is a translation of it into the more commonly known city/town name, or into Marin County when it appears to be in an unincorporated area.  For example, Almonte and Tam Valley are reported city/town names, but they are both in the more commonly known city of Mill Valley.  Lucas Valley translates to San Rafael, etc.  We hope that the translated city/town column will facilitate analysis.","County of Marin, CA",dataset,2024-12-02T20:05:07.000Z,2017-04-20T16:46:08.000Z,2024-12-02T20:05:07.000Z,"['unique_id', 'longitude', 'incident_city_town_mapping', 'incident_city_town', 'crime_class', 'im_dr', 'incident_date_time', 'incident_street_address', 'latitude', 'crime', 'location_address', 'location_zip', 'location_city', 'jurisdiction', 'location_state', 'location', ':@computed_region_3c6h_y28d', ':@computed_region_nyxm_p3bi', ':@computed_region_yigg_54f9', ':@computed_region_bgqc_3apt', ':@computed_region_tuu7_u9kx', ':@computed_region_6s5y_serh']","['', '', '', '', '', '', '', '', '', '', '', '', '', 'Note: ""SO"" is County Sheriff jurisdiction.', '', '', '', '', '', '', '', '']",official,,,ahxi-5nsc
PDI (Police Data Initiative) Crime Incidents,k59e-2pvf,Cincinatti,1,"Data Description: This data represents reported Crime Incidents in the City of Cincinnati. Incidents are the records, of reported crimes, collated by an agency for management. Incidents are typically housed in a Records Management System (RMS) that stores agency-wide data about law enforcement operations. This does not include police calls for service, arrest information, final case determination, or any other incident outcome data.
 
Data Creation: The Cincinnati Police Department's (CPD) records crime incidents in the City through Records Management System (RMS) that stores agency-wide data about law enforcement operations. 

Data Created By: The source of this data is the Cincinnati Police Department.

Refresh Frequency: This data is updated daily.

CincyInsights: The City of Cincinnati maintains an interactive dashboard portal, CincyInsights in addition to our Open Data in an effort to increase access and usage of city data. This data set has an associated dashboard available here: https://insights.cincinnati-oh.gov/stories/s/8eaa-xrvz

Data Dictionary: A data dictionary providing definitions of columns and attributes is available as an attachment to this dataset.

Processing: The City of Cincinnati is committed to providing the most granular and accurate data possible. In that pursuit the Office of Performance and Data Analytics  facilitates standard processing to most raw data prior to publication. Processing includes but is not limited: address verification, geocoding, decoding attributes, and addition of administrative areas (i.e. Census, neighborhoods, police districts, etc.).

Data Usage: For directions on downloading and using open data please visit our How-to Guide: https://data.cincinnati-oh.gov/dataset/Open-Data-How-To-Guide/gdr9-g3ad

Disclaimer: In compliance with privacy laws, all Public Safety datasets are anonymized and appropriately redacted prior to publication on the City of Cincinnati’s Open Data Portal. This means that for all public safety datasets: (1) the last two digits of all addresses have been replaced with “XX,” and in cases where there is a single digit street address, the entire address number is replaced with ""X""; and (2) Latitude and Longitude have been randomly skewed to represent values within the same block area (but not the exact location) of the incident.",City of Cincinnati,dataset,2024-12-02T19:13:56.000Z,2017-11-15T13:19:05.000Z,2024-12-02T19:13:56.000Z,"['instanceid', 'incident_no', 'date_reported', 'date_from', 'date_to', 'clsd', 'ucr', 'dst', 'beat', 'offense', 'location', 'theft_code', 'floor', 'side', 'opening', 'hate_bias', 'dayofweek', 'rpt_area', 'cpd_neighborhood', 'weapons', 'date_of_clearance', 'hour_from', 'hour_to', 'address_x', 'longitude_x', 'latitude_x', 'victim_age', 'victim_race', 'victim_ethnicity', 'victim_gender', 'suspect_age', 'suspect_race', 'suspect_ethnicity', 'suspect_gender', 'totalnumbervictims', 'totalsuspects', 'ucr_group', 'zip', 'community_council_neighborhood', 'sna_neighborhood']","['', '', '', '', '', '', '', '', '', '', '', '', '', '', '', '', '', '', '', '', '', '', '', '', '', '', '', '', '', '', '', '', '', '', '', '', '', '', '', '']",official,,,k59e-2pvf
HPD Crime Incidents,vg88-5rn5,Honolulu,1,Visit crimemapping.com (https://www.crimemapping.com/) for a visual view of the data.,,dataset,2024-12-02T19:00:46.000Z,2023-03-13T23:11:18.000Z,2024-12-02T19:00:46.000Z,"['objectid', 'incidentnum', 'blockaddress', 'cmid', 'cmagency', 'date', 'type', 'status', 'score', 'side']","['', '', '', '', '', '', '', '', '', '']",official,,,vg88-5rn5
KCPD Crime Data (since 2015),gqy2-yvmn,Kansas City,1,"This dataset contains KCPD crime reports for all years since 2015. This data is then cleaned to remove duplicate reports (`Report_No`) while maintaining pertinent information of those involved (suspects, victims, arrestees, and deceased). Additional context regarding the nature of the crime being reported is also added. 

Columns in which DataKC has not been provided a clear definition on their meanings has been omitted from the original source. Once clarity can be provided on these columns, they will be added back in. Data is updated at the end of each year.",,dataset,2024-12-02T18:49:59.000Z,2024-11-21T16:49:29.000Z,2024-12-02T18:49:59.000Z,"['report_no', 'suspect_count', 'arrestee_count', 'victim_count', 'deceased_count', 'reported_date', 'reported_time', 'ibrs', 'description', 'location', 'beat', 'address', 'city', 'zip_code', 'rep_dist', 'area', 'dvflag', 'firearm_used_flag', 'offense_type', 'violent_flag', 'latitude', 'longitude', 'geoloc', ':@computed_region_kk66_ngf4', ':@computed_region_k7in_q28t', ':@computed_region_w4hf_t6bp', ':@computed_region_qizh_zmq5', ':@computed_region_vrdq_ghvi']","['', '', '', '', '', '', '', '', '', '', '', '', '', '', '', '', '', '', '', '', '', '', '', ""This column was automatically created in order to record in what polygon from the dataset 'Neighborhood Census' (kk66-ngf4) the point in column 'geoloc' is located.  This enables the creation of region maps (choropleths) in the visualization canvas and data lens."", ""This column was automatically created in order to record in what polygon from the dataset 'Public Works Maintenance Districts' (k7in-q28t) the point in column 'geoloc' is located.  This enables the creation of region maps (choropleths) in the visualization canvas and data lens."", ""This column was automatically created in order to record in what polygon from the dataset 'Zip Codes' (w4hf-t6bp) the point in column 'geoloc' is located.  This enables the creation of region maps (choropleths) in the visualization canvas and data lens."", ""This column was automatically created in order to record in what polygon from the dataset 'City Council Districts (effective 2023)' (qizh-zmq5) the point in column 'geoloc' is located.  This enables the creation of region maps (choropleths) in the visualization canvas and data lens."", ""This column was automatically created in order to record in what polygon from the dataset 'Community Improvement District' (vrdq-ghvi) the point in column 'geoloc' is located.  This enables the creation of region maps (choropleths) in the visualization canvas and data lens.""]",official,,,gqy2-yvmn
Crime Level Data,bc88-hemr,Colorado Springs,1,"This dataset includes all criminal offenses reported to the Colorado Springs Police Department. Each case report (incident) may have several offenses. Each offense may have multiple suspects and/or victims.

Important: This dataset provided by CSPD does not apply the same counting rules as official data reported to the Colorado Bureau of Investigations and the Federal Bureau of Investigation. This means comparisons to those datasets would be inaccurate.",Colorado Springs Police Department,dataset,2024-12-02T17:46:03.000Z,2020-12-29T21:21:38.000Z,2024-12-02T17:46:03.000Z,"['city', 'statutedescription', 'streetaddress', 'crimecodedescription', 'patrol_division', 'statute', 'location_point', 'crimecode', 'casenumber', 'domestic', 'index_crime_category', 'disposition', ':@computed_region_2q37_snsf', 'nciccode', 'occurredfromdate', 'occurredthroughdate', 'reporteddate', 'nciccodedescription', 'zip', 'dispositiondate']","['City of occurrence ', 'CSPD records management system description of statute or ordinance. City ordinance violations are generally in all caps. ', 'Address of occurrence (street address)', 'Uniform Crime Reporting Offense Code Description', 'CSPD division of occurrence ', 'Colorado Revised Statute or City of Colorado Springs Ordinance', 'Latitude and longitude of occurrence ', 'Uniform Crime Reporting Offense Code', ""Number used to identify a case in CSPD's records management system"", 'Indicates whether a crime is categorized as domestic violence ', 'Category of crime as defined by Federal Bureau of Investigation', 'Case status ', ""This column was automatically created in order to record in what polygon from the dataset 'Neighborhoods' (2q37-snsf) the point in column 'location_point' is located.  This enables the creation of region maps (choropleths) in the visualization canvas and data lens."", 'National Crime Information Center Offense Code', 'Date offense first began', 'Date offense ended ', 'Date offense reported to CSPD ', 'National Crime Information Center Offense Code Description', 'Zip code of occurrence', 'Date of last case status ']",official,,,bc88-hemr
KCPD Crime Data 2024,isbe-v4d8,Kansas City,1,"This is the most current information as of the date of upload. This provides the user the ability to view the most current crime information within Kansas City, Missouri. The displayed information is the most current information from the data source as of the date of upload. The data source is dynamic and therefore constantly changing. Changes to the information may occur, as incident information is refined. While the Board of Police Commissioners of Kansas City, Missouri (Board) makes every effort to maintain and distribute accurate information, no warranties and/or representations of any kind are made regarding information, data or services provided. The Board is not responsible for misinterpretation of this information and makes no inference or judgment as to the relative safety to any particular area or neighborhood. In no event shall the Board be liable in any way to the users of this data. Users of this data shall hold the Board harmless in all matters and accounts arising from the use and/or accuracy of this data.",KCPD Information Technology,dataset,2024-12-02T14:31:06.000Z,2024-01-08T15:43:16.000Z,2024-12-02T14:31:06.000Z,"[':@computed_region_qizh_zmq5', 'from_date', 'from_time', 'to_date', 'address', 'zip_code', 'dvflag', 'race', 'sex', 'fire_arm_used_flag', 'reported_date', 'location', 'age', 'beat', 'report_no', ':@computed_region_vrdq_ghvi', 'reported_time', 'to_time', 'description', 'city', 'involvement', 'rep_dist', 'age_range', 'offense', 'ibrs', 'area', ':@computed_region_kk66_ngf4', ':@computed_region_k7in_q28t', ':@computed_region_w4hf_t6bp']","[""This column was automatically created in order to record in what polygon from the dataset 'City Council Districts (effective 2023)' (qizh-zmq5) the point in column 'location' is located.  This enables the creation of region maps (choropleths) in the visualization canvas and data lens."", '', '', '', '', '', '', '', '', '', '', '', '', '', '', ""This column was automatically created in order to record in what polygon from the dataset 'Community Improvement District' (vrdq-ghvi) the point in column 'location' is located.  This enables the creation of region maps (choropleths) in the visualization canvas and data lens."", '', '', '', '', '', '', '', '', '', '', ""This column was automatically created in order to record in what polygon from the dataset 'Neighborhood Census' (kk66-ngf4) the point in column 'location' is located.  This enables the creation of region maps (choropleths) in the visualization canvas and data lens."", ""This column was automatically created in order to record in what polygon from the dataset 'Public Works Maintenance Districts' (k7in-q28t) the point in column 'location' is located.  This enables the creation of region maps (choropleths) in the visualization canvas and data lens."", ""This column was automatically created in order to record in what polygon from the dataset 'Zip Codes' (w4hf-t6bp) the point in column 'location' is located.  This enables the creation of region maps (choropleths) in the visualization canvas and data lens.""]",official,,,isbe-v4d8
Memphis Police Department: Public Safety Incidents,puh4-eea4,Memphis,1,"This dataset contains all crime incidents where a police report was taken. Data goes back to 2019 and is updated each morning by 8:30am. Note that sex crimes and juvenile specific crime types are omitted from this dataset. Please see the data dictionary attached for more details.

Terms of Use: The information in this portal is provided strictly as a courtesy to the public. This website provides information as to initial crime reports, and does not reflect subsequent changes in the investigation, nature, or accuracy of the initial report. While all attempts are made to ensure the correctness and suitability of information presented here, neither the City of Memphis nor the Memphis Police Department guarantee the accuracy of the information contained herein. Crime data may be amended or corrected by the Memphis Police Department at any time. This data may not reflect the official crime index totals as reported to the Tennessee Bureau of Investigation.",City of Memphis,dataset,2024-12-02T14:13:27.000Z,2024-05-07T16:50:34.000Z,2024-12-02T14:13:27.000Z,"[':@computed_region_fuzm_ngj2', ':@computed_region_g8my_uw59', ':@computed_region_nyzj_ikpv', ':@computed_region_m99d_em2n', ':@computed_region_scpn_qt9a', ':@computed_region_gxae_hf64', ':@computed_region_xf2b_u4zq', ':@computed_region_qnac_u4vd', ':@computed_region_fe8q_buag', ':@computed_region_y9za_kydd', ':@computed_region_me95_vbw4', ':@computed_region_k5dd_nin6', '_100_block_coordinates', 'offense_group_nibrs', 'state', 'reported_date', 'lat', 'precinct', 'location', 'agency_crime_id', 'zip', 'crime_id', 'offense_date', 'ucr_incident_code', 'ucr_description', 'ucr_category', 'group_nibrs', '_100_block', 'street_name', 'city', 'full_address_100_block', 'long', 'ward', 'part_one_two']","[""This column was automatically created in order to record in what polygon from the dataset 'Council District Boundaries Dec 2022' (fuzm-ngj2) the point in column 'location' is located.  This enables the creation of region maps (choropleths) in the visualization canvas and data lens."", ""This column was automatically created in order to record in what polygon from the dataset 'MPD Wards' (g8my-uw59) the point in column 'location' is located.  This enables the creation of region maps (choropleths) in the visualization canvas and data lens."", ""This column was automatically created in order to record in what polygon from the dataset 'Community Neighborhoods Boundaries 2' (nyzj-ikpv) the point in column 'location' is located.  This enables the creation of region maps (choropleths) in the visualization canvas and data lens."", ""This column was automatically created in order to record in what polygon from the dataset 'Community Neighborhoods Boundaries 1' (m99d-em2n) the point in column 'location' is located.  This enables the creation of region maps (choropleths) in the visualization canvas and data lens."", ""This column was automatically created in order to record in what polygon from the dataset 'Council Super District Boundaries Dec 2022' (scpn-qt9a) the point in column 'location' is located.  This enables the creation of region maps (choropleths) in the visualization canvas and data lens."", ""This column was automatically created in order to record in what polygon from the dataset 'City Council Districts' (gxae-hf64) the point in column 'location' is located.  This enables the creation of region maps (choropleths) in the visualization canvas and data lens."", ""This column was automatically created in order to record in what polygon from the dataset 'Memphis 3.0 Planning Districts' (xf2b-u4zq) the point in column 'location' is located.  This enables the creation of region maps (choropleths) in the visualization canvas and data lens."", ""This column was automatically created in order to record in what polygon from the dataset 'Memphis 3.0 Focus Anchors Buffers' (qnac-u4vd) the point in column 'location' is located.  This enables the creation of region maps (choropleths) in the visualization canvas and data lens."", ""This column was automatically created in order to record in what polygon from the dataset 'MPD Districts' (fe8q-buag) the point in column 'location' is located.  This enables the creation of region maps (choropleths) in the visualization canvas and data lens."", ""This column was automatically created in order to record in what polygon from the dataset 'Memphis Police Department Stations' (y9za-kydd) the point in column 'location' is located.  This enables the creation of region maps (choropleths) in the visualization canvas and data lens."", ""This column was automatically created in order to record in what polygon from the dataset 'Shelby County Zip Codes' (me95-vbw4) the point in column 'location' is located.  This enables the creation of region maps (choropleths) in the visualization canvas and data lens."", ""This column was automatically created in order to record in what polygon from the dataset 'Census Tracts' (k5dd-nin6) the point in column '_100_block_coordinates' is located.  This enables the creation of region maps (choropleths) in the visualization canvas and data lens."", '', 'NIBRS classified crimes as either crimes against people, property or society', 'State where the incident occurred', 'Date the offense was reported', 'Rounded latitude for the incident', 'Police precinct where the incident occurred. See precinct boundaries here', 'Combined latitude and longitude for the purpose of mapping', 'Internal MPD crime type', 'Zip code where the incident occurred', 'Autogenerated system ID number', 'Date the offense occurred', 'Uniform Crime Report (UCR) incident code. See Appendix A in data dictionary for full list.', 'UCR crime type based on NIBRS. 52 Group A offenses. See Appendix A in data dictionary for full list and definitions.', 'UCR index crime categories. The 52 offense types are grouped in 23 categories. See Appendix A in data dictionary for full list.', 'Group A or B per the National Incident Based Reporting System (NIBRS) classification', 'Rounded block number where the incident occurred', 'Street where the incident occurred', 'City where the incident occurred', 'Full address with rounded street number where the incident occurred', 'Rounded longitude for the incident', 'Police ward where the incident occurred. See ward boundaries here', 'Part 1 crimes include murder, robbery, rape, arson, burglary, larceny and motor vehicle theft']",official,,,puh4-eea4
Crime Reports,n9u6-aijz,Santa Clara,1,Santa Clara County Sheriff's Office incident dataset,SCC Sheriff Public Information Officer,dataset,2024-12-02T14:05:33.000Z,2018-06-14T13:11:19.000Z,2024-12-02T14:05:33.000Z,"['parent_incident_type', 'incident_description', 'state', 'incident_type_primary', 'address_1', 'incident_datetime', 'city', 'case_number']","['The parent Incident type', 'Describes the type of Incident that occurred', 'The State of the Incident', 'The primary Incident type', 'The approximate address of the Incident', 'The date and time of the Incident', 'The City of the Incident', 'A unique ID for identifying an Incident']",official,,,n9u6-aijz
Providence Police Case Log - Past 180 days,rz3y-pz8v,Providence,1,"Recorded state and municipal offenses from AEGIS records management system of the Providence Police.  A single case can contain multiple offenses.  Refer to the case number to see all offenses for a particular case.  The case number can also be used to look up arrest activity for a case in the Providence Police Arrest Log.  
<br><b>UPDATE:</b><br>
Incident location is now using block range instead of house numbers. Addresses between 1 and 99 will be 0 Block, addresses between 100 and 199 will use 100 block and so on.  If you are looking for actual addresses you can use the city's <a href=""https://providenceri.nextrequest.com/"" target=""_blank"" rel=""noopener noreferrer"">Open Records Portal</a> to make a request. <br><br>
To help maintain the anonymity of special victims and juveniles this list does not include violent sexual offenses, non-violent sexual offenses or incidents of  harassment. Cases being investigated by the department's Special Victims Unit (SVU) or Youth Services Bureau (YSB) will not be published.",City of Providence,dataset,2024-12-02T13:45:15.000Z,2015-10-30T17:26:17.000Z,2024-12-02T13:45:15.000Z,"['statute_desc', 'reported_date', 'offense_desc', 'reporting_officer', 'location', 'statute_code', 'year', 'casenumber', 'counts', 'month']","['', '', '', '', '', '', '', '', '', '']",official,,,rz3y-pz8v
KCSO Offense Reports: 2020 to Present,4kmt-kfqf,Seattle etc,1,"The King County Sheriff’s Office (KCSO) is providing offense report data captured in it's Records Management System (RMS) from 2020 to present. KCSO replaced its RMS in late 2018 and at the same time transitioned to the FBI’s National Incident-Based Reporting System (NIBRS). The NIBRS standardization of crime classifications allows for comparison over time and between agencies. For official KCSO NIBRS reporting, please visit the WASPC Crime in Washington Report: https://www.waspc.org/cjis-statistics---reports.

Disclaimer: Only finalized (supervisor approved) reports are released. Those in draft, awaiting supervisor approval, or completed after the daily update of data, will not appear until the subsequent day(s). Data updates once every twenty-four hours. Records and classification changes will occur as a report makes its way through the approval and investigative process, thus reports might appear in the data set one day, but be removed the next day if there is a change in the approval status. This mirrors the fluidity of an investigation.  Once a report is re-approved, it will show back up in the data set. Other than approval status, the report case status is factored into what can be released in the daily data set. As soon as a report case status matches the criteria for release, it will be included in the data set. For a list of offenses that are included in the data set, please see the attached pdf.

Resources:
 - KCSO's 2019 crime data: https://data.kingcounty.gov/Law-Enforcement-Safety/King-County-Sheriff-s-Office-Incident-Dataset/rzfs-wyvy
- Police District GIS shapefile: https://gis-kingcounty.opendata.arcgis.com/datasets/king-county-sheriff-patrol-districts-patrol-districts-area/explore
- Police District key: https://data.kingcounty.gov/Law-Enforcement-Safety/KCSO-Patrol-Districts/ptrt-hdax/data
- For more information on definitions and classifications, please visit https://www.fbi.gov/services/cjis/ucr/nibrs
- SPD's Crime Data: https://data.seattle.gov/Public-Safety/SPD-Crime-Data-2008-Present/tazs-3rd5",King County Sheriff's Office,dataset,2024-12-02T13:26:21.000Z,2021-05-13T22:52:22.000Z,2024-12-02T13:26:21.000Z,"['updated_at', 'district', 'city', 'block_address', 'nibrs_code_name', 'id', 'case_number', 'incident_datetime', 'created_at', 'reporting_area', 'zip', 'hour_of_day', 'precinct', 'state', 'day_of_week', 'nibrs_code']","['Date and time the report was last updated. ', 'Designated police boundary where offense(s) occurred. There are three police boundaries: reporting area, district and precinct. District is the middle size. A district can represent one contract city or unincorporated area, or multiple districts together can make up one contract city. There is a corresponding district shape file that can be used to associate an offense to a district.', 'City offense(s) occured.', 'Offense(s) address location blurred to the one hundred block.', 'NIBRS offense name.', 'The unique identifier for each row.', 'Primary key/UID for the overall report. One report can contain multiple offenses. ', 'Start date and time of the offense(s) occurred.', 'Date and time the offense(s) report was created/reported. (Can differ from date of occurrence)', 'Designated police boundary where offense(s) occurred. There are three police boundaries: reporting area, district and precinct. Reporting area is the smallest. ', 'Zip code where the offense(s) occurred.', 'Hour of the day the offense(s) occurred. ', 'Designated police boundary where offense(s) occurred. There are three police boundaries: reporting area, district and precinct. Precinct is the biggest. ', 'State offense(s) occured.', 'Day of the week the offense(s) occurred. ', 'NIBRS offense code.']",official,,,4kmt-kfqf
Crime Reports,fdj4-gpfu,Austin,1,"AUSTIN POLICE DEPARTMENT DATA DISCLAIMER
Please read and understand the following information.
 
This dataset contains a record of incidents that the Austin Police Department responded to and wrote a report.  Please note one incident may have several offenses associated with it, but this dataset only depicts the highest level offense of that incident.  Data is from 2003 to present.  This dataset is updated weekly.  Understanding the following conditions will allow you to get the most out of the data provided. Due to the methodological differences in data collection, different data sources may produce different results. This database is updated weekly, and a similar or same search done on different dates can produce different results. Comparisons should not be made between numbers generated with this database to any other official police reports. Data provided represents only calls for police service where a report was written. Totals in the database may vary considerably from official totals following investigation and final categorization. Therefore, the data should not be used for comparisons with Uniform Crime Report statistics. The Austin Police Department does not assume any liability for any decision made or action taken or not taken by the recipient in reliance upon any information or data provided.  Pursuant to section 552.301 (c) of the Government Code, the City of Austin has designated certain addresses to receive requests for public information sent by electronic mail. For requests seeking public records held by the Austin Police Department, please submit by utilizing the following link:
https://apd-austintx.govqa.us/WEBAPP/_rs/(S(0auyup1oiorznxkwim1a1vpj))/supporthome.aspx","City of Austin, Texas - data.austintexas.gov",dataset,2024-12-02T13:14:46.000Z,2018-01-11T22:31:30.000Z,2024-12-02T12:11:10.000Z,"['occ_date_time', 'rep_date', 'crime_type', 'ucr_code', 'rep_date_time', 'occ_time', 'occ_date', 'clearance_date', 'census_block_group', 'council_district', 'category_description', 'incident_report_number', 'family_violence', 'clearance_status', 'rep_time', 'ucr_category', 'district', 'sector', 'location_type']","['Date and time (combined) incident occurred', 'Date the incident was reported', 'Description', 'Code', 'Date and time (combined) incident was reported', 'Time the incident occurred', 'Date the incident occurred', 'Date crime was solved', 'A number that indicates the census block group where the incident occurred. A census block group is a combination of census blocks, or small geographic areas defined by the Bureau of the Census.', 'Austin city council district where incident occurred', 'Description for the most serious crimes identified by the FBI as part of its Uniform Crime Reporting program', 'Incident report number', 'Incident involves family violence? Y = yes, N = no', 'How/whether crime was solved (see lookup)', 'Time the incident was reported', 'Code for the most serious crimes identified by the FBI as part of its Uniform Crime Reporting program', 'APD district where incident occurred', 'APD sector where incident occurred', 'General description of the premise where the incident occurred ']",official,,,fdj4-gpfu
Crimes - 2001 to Present,ijzp-q8t2,Chicago,1,"This dataset reflects reported incidents of crime (with the exception of murders where data exists for each victim) that occurred in the City of Chicago from 2001 to present, minus the most recent seven days. Data is extracted from the Chicago Police Department's CLEAR (Citizen Law Enforcement Analysis and Reporting) system. In order to protect the privacy of crime victims, addresses are shown at the block level only and specific locations are not identified. Should you have questions about this dataset, you may contact the Data Fulfillment and Analysis Division of the Chicago Police Department at DFA@ChicagoPolice.org.  Disclaimer: These crimes may be based upon preliminary information supplied to the Police Department by the reporting parties that have not been verified. The preliminary crime classifications may be changed at a later date based upon additional investigation and there is always the possibility of mechanical or human error. Therefore, the Chicago Police Department does not guarantee (either expressed or implied) the accuracy, completeness, timeliness, or correct sequencing of the information and the information should not be used for comparison purposes over time. The Chicago Police Department will not be responsible for any error or omission, or for the use of, or the results obtained from the use of this information. All data visualizations on maps should be considered approximate and attempts to derive specific addresses are strictly prohibited. The Chicago Police Department is not responsible for the content of any off-site pages that are referenced by or that reference this web page other than an official City of Chicago or Chicago Police Department web page. The user specifically acknowledges that the Chicago Police Department is not responsible for any defamatory, offensive, misleading, or illegal conduct of other users, links, or third parties and that the risk of injury from the foregoing rests entirely with the user.  The unauthorized use of the words ""Chicago Police Department,"" ""Chicago Police,"" or any colorable imitation of these words or the unauthorized use of the Chicago Police Department logo is unlawful. This web page does not, in any way, authorize such use. Data are updated daily. To access a list of Chicago Police Department - Illinois Uniform Crime Reporting (IUCR) codes, go to http://data.cityofchicago.org/Public-Safety/Chicago-Police-Department-Illinois-Uniform-Crime-R/c7ck-438e",Chicago Police Department,dataset,2024-12-02T12:25:13.000Z,2011-09-30T17:59:31.000Z,2024-12-02T12:25:13.000Z,"[':@computed_region_6mkv_f3dw', 'longitude', 'beat', 'y_coordinate', 'case_number', 'location_description', 'district', 'community_area', 'iucr', 'primary_type', 'description', 'ward', 'fbi_code', 'x_coordinate', 'updated_on', 'latitude', 'location', 'date', 'year', 'location_zip', 'location_city', 'arrest', 'domestic', 'location_state', 'location_address', 'block', 'id', ':@computed_region_8hcu_yrd4', ':@computed_region_d3ds_rm58', ':@computed_region_d9mm_jgwp', ':@computed_region_rpca_8um6', ':@computed_region_43wa_7qmu', ':@computed_region_bdys_3d7i', ':@computed_region_vrxf_vc4k', ':@computed_region_awaf_s7ux']","['', 'The longitude of the location where the incident occurred. This location is shifted from the actual location for partial redaction but falls on the same block.', 'Indicates the beat where the incident occurred.  A beat is the smallest police geographic area – each beat has a dedicated police beat car.  Three to five beats make up a police sector, and three sectors make up a police district.  The Chicago Police Department has 22 police districts.  \n\nSee the beats at https://data.cityofchicago.org/d/aerh-rz74.\n', 'The y coordinate of the location where the incident occurred in State Plane Illinois East NAD 1983 projection. This location is shifted from the actual location for partial redaction but falls on the same block.', 'The Chicago Police Department RD Number (Records Division Number), which is unique to the incident. ', 'Description of the location where the incident occurred.', 'Indicates the police district where the incident occurred.  See the districts at https://data.cityofchicago.org/d/fthy-xz3r.', 'Indicates the community area where the incident occurred.  Chicago has 77 community areas. \n\nSee the community areas at https://data.cityofchicago.org/d/cauq-8yn6.\n', 'The Illinois Unifrom Crime Reporting code. This is directly linked to the Primary Type and Description. See the list of IUCR codes at https://data.cityofchicago.org/d/c7ck-438e.', 'The primary description of the IUCR code.', 'The secondary description of the IUCR code, a subcategory of the primary description.', 'The ward (City Council district) where the incident occurred.  See the wards at https://data.cityofchicago.org/d/sp34-6z76.', ""Indicates the crime classification as outlined in the FBI's National Incident-Based Reporting System (NIBRS).See the Chicago Police Department listing of these classifications at https://gis.chicagopolice.org/pages/crime_details."", 'The x coordinate of the location where the incident occurred in State Plane Illinois East NAD 1983 projection.  This location is shifted from the actual location for partial redaction but falls on the same block.', 'Date and time the record was last updated.', 'The latitude of the location where the incident occurred. This location is shifted from the actual location for partial redaction but falls on the same block.', 'The location where the incident occurred in a format that allows for creation of maps and other geographic operations on this data portal. This location is shifted from the actual location for partial redaction but falls on the same block.', 'Date when the incident occurred. this is sometimes a best estimate. ', 'Year the incident occurred.', '', '', 'Indicates whether an arrest was made.', 'Indicates whether the incident was domestic-related as defined by the Illinois Domestic Violence Act.', '', '', 'The partially redacted address where the incident occurred, placing it on the same block as the actual address. ', 'Unique identifier for the record.', ""This column was automatically created in order to record in what polygon from the dataset 'Wards 2023-' (8hcu-yrd4) the point in column 'location' is located.  This enables the creation of region maps (choropleths) in the visualization canvas and data lens."", '', '', '', '', '', '', '']",official,,,ijzp-q8t2
East Baton Rouge Parish Combined Crime Incidents,6zc2-imdr,East Baton Rouge,1,"Combination of crime incident reports from the East Baton Rouge Parish Sheriff's Office and the Baton Rouge Police Department, beginning January 1, 2021. Includes records for all crimes such as burglaries (vehicle, residential and non-residential), robberies (individual and business), auto theft, homicides and other crimes against people, property and society.

For only East Baton Rouge Parish Sheriff's Office crime incidents: https://data.brla.gov/Public-Safety/EBR-Sheriff-s-Office-Crime-Incidents/7y8j-nrht

For only Baton Rouge Police Department crime incidents:
https://data.brla.gov/Public-Safety/Baton-Rouge-Police-Crime-Incidents/pbin-pcm7",Baton Rouge Police Department and EBR Sheriff's Office,dataset,2024-12-02T12:20:15.000Z,2023-09-06T15:07:59.000Z,2024-12-02T12:20:15.000Z,"['census_block_group', 'longitude', 'neighborhood', 'crime_prevention_district', 'council_district', 'statute_description', 'sub_zone', 'street_2', 'street', 'approved_date', 'report_date', 'charge_date', 'charge_id', 'crime_against', 'statute_title', 'postal_code', 'state', 'enforcement_agency_id', 'statute_category', 'city', 'incident_number', 'nibrs_code', 'zone', 'supplemental', 'geolocation', 'district', 'attempted_committed', 'agency_name', 'offense_description', 'latitude', ':@computed_region_4pgc_bhg2', ':@computed_region_ntzg_c2w3', ':@computed_region_jrqt_zu77', ':@computed_region_uvg4_nwq8']","['Code for the Census block group where the crime occurred', 'Geographic longitude coordinate (east-west) where the crime occurred', 'Neighborhood where the crime occurred', 'If applicable, the name of the crime prevention district where the crime occurred', 'Metropolitan Council district where the crime occurred', 'Common terminology for the LA Revised Statutes (ex. theft, battery, property damage)', 'Tertiary level in the patrol area hierarchy where the crime occurred', 'If applicable, the number of the suite or apartment number where the crime occurred', 'Specific street location where the crime occurred', 'Date the report was reviewed and approved by the supervisor', 'Month, day, year, and time of day when the police officer filed the crime incident report', 'Month, day, year, and time of day when the charges for the crime incident took place', 'Unique identifier of the crime incident report', 'Description of the party (Person, Property, or Society) which was a victim of the criminal incident', 'Numerical legal code the LA Revised Statute refers to concerning the crime committed', 'Postal ZIP code where the crime occurred', 'State where the crime occurred', 'Identification code of the law enforcement agency', 'One of 18 general codes used for filtering the reported crime data', 'Postal city where the crime occurred', 'Report number of the incident', 'National Incident-Based Reporting System code for standardized crime reports used by the FBI and other federal agencies', 'Secondary level in the patrol area hierarchy where the crime occurred', 'Additional report used for adding information to the original police report', 'Geocoded location for displaying in a map view', 'Primary level in the patrol area hierarchy where the crime occurred', 'Code to indicate whether the crime was attempted or committed', 'Name of the law enforcement agency', 'Description of the category of the National Incident-Based Reporting System code', 'Geographic latitude coordinate (north-south) where the crime occurred', ""This column was automatically created in order to record in what polygon from the dataset 'Census 2010 Tracts' (4pgc-bhg2) the point in column 'geolocation' is located.  This enables the creation of region maps (choropleths) in the visualization canvas and data lens."", ""This column was automatically created in order to record in what polygon from the dataset 'Council Districts_2021_from_d8sa-f3ec' (ntzg-c2w3) the point in column 'geolocation' is located.  This enables the creation of region maps (choropleths) in the visualization canvas and data lens."", ""This column was automatically created in order to record in what polygon from the dataset 'ZIP Codes_from_tqy7_429i' (jrqt-zu77) the point in column 'geolocation' is located.  This enables the creation of region maps (choropleths) in the visualization canvas and data lens."", ""This column was automatically created in order to record in what polygon from the dataset 'Neighborhoods_from_qfmj_2fwi' (uvg4-nwq8) the point in column 'geolocation' is located.  This enables the creation of region maps (choropleths) in the visualization canvas and data lens.""]",official,,,6zc2-imdr
Police Incidents,qv6i-rri7,Dallas,1,"<b>This dataset is published by the City of Dallas for research purposes only. The authoritative source for crime data is the <a href=""https://dallascitydata.dallascityhall.com/#/views/CrimeAnalyticsDashboard/CrimeOverviewD?:showAppBanner=false&:display_count=n&:showVizHome=n&:origin=viz_share_link&:refresh=yes"">Crime Analytics Dashboard</a>. </b> 
<p>This dataset represents the Dallas Police Public Data - RMS Incidents beginning June 1, 2014 to current-date. The Dallas Police Department strives to collect and disseminate police report information in a timely, accurate manner. This information reflects crimes as reported to the Dallas Police Department as of the current date. Crime classifications are based upon preliminary information supplied to the Dallas Police Department by the reporting parties and the preliminary classifications may be changed at a later date based upon additional investigation. Therefore, the Dallas Police Department does not guarantee (either expressed or implied) the accuracy, completeness, timeliness, or correct sequencing of the information contained herein and the information should not be used for comparison purposes over time. The Dallas Police Department will not be responsible for any error or omission, or for the use of, or the results obtained from the use of this information.</p>

<p>This online site is an attempt to make it easier for citizens to access offense reports. In disseminating this crime information, we must also comply with current laws that regulate the release of potentially sensitive and confidential information. To ensure that privacy concerns are protected and legal standards are met, report data is ""filtered"" prior to being made available to the public. Among the exclusions are:</p>

<p>1.) Sexually oriented offenses</p>
<p>2.) Offenses where juveniles or children (individuals under 17 years of age) are the victim or suspect</p>
<p>3.) Listing of property items that are considered evidence</p>
<p>4.) Social Service Referral offenses</p>
<p>5.) Identifying vehicle information in certain offenses</p>",Dallas Police Department,dataset,2024-12-02T12:17:05.000Z,2018-07-17T15:58:16.000Z,2024-12-02T12:17:05.000Z,"['geocoded_column_address', 'nibrs_code', 'nibrs_crime_category', 'ucrcode', 'cjis', 'offensecode', 'ro2badge', 'callcleared', 'reporteddate', 'month2', 'month1', 'date1', 'community', 'taag', 'division', 'beat', 'incident_address', 'offincident', 'geocoded_column_zip', 'geocoded_column_state', 'geocoded_column', 'state', 'y_cordinate', 'x_coordinate', 'upzdate', 'nibrs_group', 'ucr_offense', 'penalcode', 'followup2', 'elenum', 'ro2name', 'callreceived', 'district', 'ra', 'premise', 'servyr', 'nibrs_type', 'nibrs_crime', 'ro1badge', 'calldispatched', 'cfs_number', 'etime', 'emonth', 'time2', 'apt', 'objattack', 'drug', 'geocoded_column_city', 'zip_code', 'weaponused', 'mo', 'reptoff', 'callorgdate', 'edate', 'date2_of_occurrence_2', 'time1', 'signal', 'compethnicity', 'edatedayofyear', 'city', 'assoffbadge', 'ro1name', 'compsex', 'year2', 'date1dayofyear', 'year1', 'day1', 'status', 'hate', 'comprace', 'nibrs_crimeagainst', 'eyear', 'gang', 'involvement', 'followup1', 'family', 'watch', 'eday', 'ucr_offdesc', 'hatecrimedescriptn', 'ucr_disp', 'reviewbadgenum', 'date2dayofyear', 'servnumid', 'incidentnum', 'victimtype', 'day2', 'splrpt', 'sector', 'type', ':@computed_region_2f7u_b5gs', ':@computed_region_sjyw_rtbm']","['', 'NIBRS Code', 'NIBRS Crime Category', ' UCR Code', ' Criminal Justice Information Services Code (CJIS)', ' UCR Offense code', ' Responding officer #2 Badge number', ' Date and time  related call was cleared  ', ' The date of the incident as reported to the police  ', ' Month (end) of the indent based on the Date of Occurrence  (Date2)', ' Month (starting) of the indent based on the Date of Occurrence  (Date1). Internal use', ' The first date of the  date occurrence of the incident (Ex: incident occurred between 1/1/2016 and 1/2/2016)', 'Community Prosecution Areas as designated by the City Community Prosecutors', 'Geographic areas targeted for higher than average crime', 'Geographic area comprised of census blocks where incident occurred (smallest police geography)', 'Geographic area comprised of beats where incident occurred', ' Address where incident occurred  \n', 'Type of Incident', '', '', 'Location1', ' State in which incident occurred\n', 'Y Cordinate', 'X Coordinate', 'Date incident was last updated. Internal use', 'NIBRS Group', 'UCR Offense Name', ' State Penal Violation Code number', 'Investigating Unit 2', 'Reporting officers assigned element number', ' Responding officer #2 Name', ' Date and time of  the related call  ', 'Geographic area comprised of city council districts where incident occurred', 'Geographic area comprised of reporting areas where incident occurred', ' Location type where  incident took place   For example, Apartment Parking, Residence', 'Year associated with the incident number', 'NIBRS Type', 'NIBRS Crime', 'Responding Officer #1  Badge No', ' Date and time related call was dispatched  ', 'CFS Number', ' The time the offense was entered into the system. Internal use', ' The month the offense was entered into the system. Internal use  ', ' The second(end) time of the  time occurrence of the incident (Ex: incident occurred between 8:00am and 5:00pm)', ' Apartment number  ', ' The target item…   Parkinglot, Motor Vehicle', ' Yes or no if incident is drug related', '', ' Zipcode in which incident occured\n', 'Weapon Used', ' Short description of the offense', 'Reporting Officer Badge No', ' The date the related call was received  ', ' The date the incident record was created. Internal use', ' The second date of the  date occurrence of the incident (Ex: incident occurred between 1/1/2016 and 1/2/2016)\n', ' The first (starting) time of the  time occurrence of the incident (Ex: incident occurred between 8:00am and 5:00pm)', ' Police call signal generated by Communications ( Type of 911 call dispacthed)', 'Victim Ethnicity', ' The calender number of the year the offense was entered. Internal use', ' City in which  incident occurred  \n', 'Assisting Officer Badge No', 'Responding Officer #1  Name', 'Victim Gender', ' Year of the indent based on the Date of Occurrence  (Date2)', ' The calender number of the year   1‐365 based on Date1. Internal use', ' Year of the indent based on the Date of Occurrence  (Date1). Internal use', ' Day of the indent based on the Date of Occurrence  (Date1). Internal use', ' Status of the offense', ' Yes or no if offense is a hate crime', 'Victim Race', 'NIBRS Crime Against', ' The year the offense was entered into the system . Internal use', ' Yes or no if offense is gang realated', 'Person can be; victim, reporting person, witness', ' 1st Assigned investigative unit', ' Yes or no if the offense is family violence', 'Police watch 1st 2nd or 3rd  (1st watch = Late Night, 2nd watch = Days and 3rd watch = Evenings)', ' The day the offense was entered into the system. Internal use ', ' UCR Offense description. Internal use', 'Hate Crime Description', ' UCR Disposition of the incident', 'Reviewing Officer Badge No', ' The calender number of the year   1‐365 based on Date2. Internal use', 'Incident number plus year code plus offense number (Ex: -02 means there is two offense with this one incident) Internal use', 'An RMS generated incident number (report number) with the year', 'Victim Type', ' Day of the indent based on the Date of Occurrence  (Date1)', 'No longer applies.. PreRMS', 'Geographic area comprised of Sectors where incident occurred', ' Offense category Part1 or Part2 or Not coded. Internal use', '', '']",official,,,qv6i-rri7
Baton Rouge Police Crime Incidents,pbin-pcm7,Baton Rouge ,1,"Crime incident reports beginning January 1, 2021. Includes records for all crimes such as burglaries (vehicle, residential and non-residential), robberies (individual and business), auto theft, homicides and other crimes against people, property and society that occurred within the City of Baton Rouge and responded to by the Baton Rouge Police Department.  

Please see the disclaimer attachment in the About section of the primer page.

For Crime Incidents prior to 1/1/2021 visit the Legacy Baton Rouge Police Crime Incident dataset at https://data.brla.gov/Public-Safety/Legacy-Baton-Rouge-Police-Crime-Incidents/fabb-cnnu.",Baton Rouge Police Department,dataset,2024-12-02T12:16:11.000Z,2021-03-26T12:54:33.000Z,2024-12-02T12:16:11.000Z,"['street_2', 'postal_code', 'city', 'statute_description', ':@computed_region_jrqt_zu77', 'geolocation', 'sub_zone', 'crime_against', 'approved_date', 'incident_number', 'charge_date', 'report_date', ':@computed_region_ntzg_c2w3', 'council_district', 'neighborhood', 'latitude', 'zone', 'crime_prevention_district', ':@computed_region_uvg4_nwq8', 'longitude', 'state', 'census_block_group', 'nibrs_code', 'street', 'statute_category', 'offense_description', 'charge_id', 'statute_title', 'district', 'attempted_committed']","['If applicable, the number of the suite or apartment number where the crime occurred', 'Postal ZIP code where the crime occurred', 'Postal city where the crime occurred', 'Common terminology for the LA Revised Statutes (ex. theft, battery, property damage)', ""This column was automatically created in order to record in what polygon from the dataset 'ZIP Codes_from_tqy7_429i' (jrqt-zu77) the point in column 'geolocation' is located.  This enables the creation of region maps (choropleths) in the visualization canvas and data lens."", 'Geocoded location for displaying in a map view', 'Tertiary level in the patrol area hierarchy where the crime occurred', 'Description of the party (Person, Property, or Society) which was a victim of the criminal incident', 'Date the report was reviewed and approved by the supervisor', 'Report number of the incident', 'Month, day, year, and time of day when the charges for the crime incident took place', 'Month, day, year, and time of day when the police officer filed the crime incident report', ""This column was automatically created in order to record in what polygon from the dataset 'Council Districts_2021_from_d8sa-f3ec' (ntzg-c2w3) the point in column 'geolocation' is located.  This enables the creation of region maps (choropleths) in the visualization canvas and data lens."", 'Metropolitan Council district where the crime occurred', 'Neighborhood where the crime occurred', 'Geographic latitude coordinate (north-south) where the crime occurred', 'Secondary level in the patrol area hierarchy where the crime occurred', 'If applicable, the name of the crime prevention district where the crime occurred', ""This column was automatically created in order to record in what polygon from the dataset 'Neighborhoods_from_qfmj_2fwi' (uvg4-nwq8) the point in column 'geolocation' is located.  This enables the creation of region maps (choropleths) in the visualization canvas and data lens."", 'Geographic longitude coordinate (east-west) where the crime occurred', 'State where the crime occurred', 'Code for the Census block group where the crime occurred', 'National Incident-Based Reporting System code for standardized crime reports used by the FBI and other federal agencies', 'Specific street location where the crime occurred', 'One of 18 general codes used for filtering the reported crime data', 'Description of the category of the National Incident-Based Reporting System code', 'Unique identifier of the crime incident report', 'Numerical legal code the LA Revised Statute refers to concerning the crime committed', 'Primary level in the patrol area hierarchy where the crime occurred', 'Code to indicate whether the crime was attempted or committed']",official,,,pbin-pcm7
Police Incidents,f6vp-3svh,"Everett, WA",1,"Police Incidents represent all calls for police responses. These include burglary and trespass reports, assaults, drug related calls, thefts, vandalism, and reports of suspicious activity. Officer initiated activity such as traffic stops is also included in police incidents.

Addresses and Geolocation have been partially obfuscated to the nearest 100 block to protect the privacy of individuals. When mapped this may make the data appear to happen at an intersection when it actually happens within that block. For incidents that do not have an exact block number or the address was typed in by dispatch incorrectly the obfuscation method may place the item much further away than the actual location.

Some incidents will result in a police report, which can be found in the dataset ""Police Cases."" Case reports involving domestic violence, child abuse, or sex offenses involving minors have been removed from this data set.

Incidents designated as Collisions are included in this dataset and should be classified as what was reported to the 911 dispatcher. In order to track verified collisions a Police Traffic Collision Report (PTCR) is completed, which results in a case being created.",SNO911 obfuscated by COE IT and EPD,dataset,2024-12-02T11:56:34.000Z,2019-05-16T17:52:51.000Z,2024-12-02T11:56:34.000Z,"['eventyear', ':@computed_region_psyp_nrnc', ':@computed_region_cx6t_gkq3', 'incidentprogress', 'area', 'eventaddressby100block', 'precinct', 'geomcoordinate', 'howreceived', 'datetimereceived', 'neighborhood', 'eventnumber', 'disposition', 'beat', 'incidenttype']","['The year the incident occurred', '', '', 'Indicates whether incident activity is ""in progress"" at the time of the call, an emergency, urgent,  routine call, or non-emergency.', 'The police district the incident occurred in (North, Central, or South)', 'Approximate address of the incident rounded to the 100 block', 'The police precinct the incident occurred in (North or South)', 'Point plot for the approximate incident location', 'Whether the incident was reported by a 911 call or initiated by a police officer', 'Date and time the incident was reported or initiated', 'Everett neighborhood the incident occurred in', 'The identifying number assigned to the incident', 'How the incident was closed: Arrest, Booking, Case Report, Settled by Contact, Gone on Arrival, Cancel Call, False Alarm, Follow Up, Impound, or Referred to Another Agency', 'Police beat the incident occurred in', 'A description of the type of incident']",official,,,f6vp-3svh
Police Incident Reports,r7bn-2egr,"Norfolk, VA",1,"This dataset contains incident reports recorded by the Norfolk Police Department that occurred over the last five years. Incidents can be searched by type, location, date and time of occurrence.  This dataset is updated daily.",Norfolk Police Department,dataset,2024-12-02T11:32:54.000Z,2018-08-03T15:46:37.000Z,2024-12-02T11:32:54.000Z,"['district', 'reportarea', 'zone', 'street', 'offense', 'streetno', 'hour_occu', 'inci_id', 'date_occu', 'tract', 'dow1', 'neighborhd']","['Police sector where the incident occurred', 'Police precinct where the incident occurred', 'Police zone where the incident occurred', 'Name of the street where the incident occurred', 'A description of the incident ', 'Block number where the incident occurred ', 'Hour the incident occurred ', 'Identification number assigned to incident', 'Date the incident occurred ', 'Planning District where the incident occurred', 'Day of the week the incident occurred', 'Name of neighborhood where the offense occurred']",official,,,r7bn-2egr
Crimes - One year prior to present,x2n5-8w5q,Chicago,1,"This dataset reflects reported incidents of crime (with the exception of murders where data exists for each victim) that have occurred in the City of Chicago over the past year, minus the most recent seven days of data. Data is extracted from the Chicago Police Department's CLEAR (Citizen Law Enforcement Analysis and Reporting) system. In order to protect the privacy of crime victims, addresses are shown at the block level only and specific locations are not identified. Should you have questions about this dataset, you may contact the Research & Development Division of the Chicago Police Department at 312.745.6071 or RandD@chicagopolice.org.
Disclaimer: These crimes may be based upon preliminary information supplied to the Police Department by the reporting parties that have not been verified. The preliminary crime classifications may be changed at a later date based upon additional investigation and there is always the possibility of mechanical or human error. Therefore, the Chicago Police Department does not guarantee (either expressed or implied) the accuracy, completeness, timeliness, or correct sequencing of the information and the information should not be used for comparison purposes over time. The Chicago Police Department will not be responsible for any error or omission, or for the use of, or the results obtained from the use of this information. All data visualizations on maps should be considered approximate and attempts to derive specific addresses are strictly prohibited. 

The Chicago Police Department is not responsible for the content of any off-site pages that are referenced by or that reference this web page other than an official City of Chicago or Chicago Police Department web page. The user specifically acknowledges that the Chicago Police Department is not responsible for any defamatory, offensive, misleading, or illegal conduct of other users, links, or third parties and that the risk of injury from the foregoing rests entirely with the user.  The unauthorized use of the words ""Chicago Police Department,"" ""Chicago Police,"" or any colorable imitation of these words or the unauthorized use of the Chicago Police Department logo is unlawful. This web page does not, in any way, authorize such use.
Data is updated daily Tuesday through Sunday. The dataset contains more than 65,000 records/rows of data and cannot be viewed in full in Microsoft Excel. Therefore, when downloading the file, select CSV from the Export menu. Open the file in an ASCII text editor, such as Wordpad, to view and search. To access a list of Chicago Police Department - Illinois Uniform Crime Reporting (IUCR) codes, go to http://bit.ly/rk5Tpc.",Chicago Police Department,dataset,2024-12-02T11:02:48.000Z,2011-09-30T10:01:02.000Z,2024-12-02T11:02:48.000Z,"['beat', 'case_', 'latitude', 'location_city', 'date_of_occurrence', '_iucr', '_primary_decsription', '_secondary_description', '_location_description', 'y_coordinate', 'x_coordinate', ':@computed_region_awaf_s7ux', ':@computed_region_6mkv_f3dw', ':@computed_region_vrxf_vc4k', ':@computed_region_bdys_3d7i', ':@computed_region_43wa_7qmu', ':@computed_region_rpca_8um6', 'location_state', 'location_address', 'location_zip', 'domestic', 'location', 'block', 'ward', 'fbi_cd', 'arrest', 'longitude']","['Indicates the beat where the incident occurred. A beat is the smallest police geographic area - each beat has a dedicated police beat car. Three to five beats make up a police sector, and three sectors make up a police district. The Chicago Police Department has 22 police districts. See the beats at https://data.cityofchicago.org/d/aerh-rz74.', 'The Chicago Police Department RD Number (Records Division Number), which is unique to the incident.  ', 'The latitude of the location where the incident occurred. This location is shifted from the actual location for partial redaction but falls on the same block. ', '', 'Date when the incident occurred. This is sometimes a best estimate. ', 'The Illinois Uniform Crime Reporting Code. This is directly linked to the Primary Type and Description. See the list of IUCR codes at https://data.cityofchicago.org/d/c7ck-438e.', 'The primary description of the IUCR code. ', 'The secondary description of the IUCR code, a subcategory of the primary description.', 'Description of the location where the incident occurred. ', 'The y coordinate of the location where the incident occurred in State Plane Illinois East NAD 1983 projection. This location is shifted from the actual location for partial redaction but falls on the same block. ', 'The x coordinate of the location where the incident occurred in State Plane Illinois East NAD 1983 projection. This location is shifted from the actual location for partial redaction but falls on the same block. ', '', '', '', '', '', '', '', '', '', 'Indicates whether the incident was domestic-related as defined by the Illinois Domestic Violence Act. ', 'The location where the incident occurred in a format that allows for creation of maps and other geographic operations on this data portal. This location is shifted from the actual location for partial redaction but falls on the same block.', 'The partially redacted address where the incident occurred, placing it on the same block as the actual address. ', 'The ward (City Council district) where the incident occurred. See the wards at https://data.cityofchicago.org/d/sp34-6z76.', ""Indicates the crime classification as outlined in the FBI's National Incident-Based Reporting System (NIBRS). See the Chicago Police Department listing of these classifications at https://gis.chicagopolice.org/pages/crime_details."", 'Indicates whether an arrest was made. ', 'The longitude of the location where the incident occurred. This location is shifted from the actual location for partial redaction but falls on the same block. ']",official,,,x2n5-8w5q
Calls for Service 2024,2zcj-b6ts,New Orleans,1,"This dataset reflects incidents that have been reported to the New Orleans Police Department in 2023. Data is provided by Orleans Parish Communication District (OPCD), the administrative office of 9-1-1 for the City of New Orleans. Please request 911 audio via our public records request system here: https://nola.nextrequest.com.

In the OPCD system, NOPD may reclassify or change the signal type for up to 36 hours after the incident is marked up. For information about an incident after this time period, citizens may request police reports from the NOPD Public Records Division. In order to protect the privacy of victims, addresses are shown at the block level and the call types cruelty to juveniles, juvenile attachment and missing juvenile have been removed in accordance with the Louisiana Public Records Act, L.R.S. 44:1. Map coordinates (X,Y) have been removed for the following call types: Aggravated Rape, Aggravated Rape - MA, Crime Against Nature, Mental Patient, Oral Sexual Battery, Prostitution, Sexual Battery, Simple Rape, Simple Rape - Male V, and Soliciting for Prost.

Disclaimer: These incidents may be based upon preliminary information supplied to the Police Department by the reporting parties that have not been verified. The preliminary crime classifications may be changed at a later date based upon additional investigation and there is always the possibility of mechanical or human error. Therefore, the New Orleans Police Department does not guarantee (either expressed or implied) the accuracy, completeness, timeliness, or correct sequencing of the information and the information should not be used for comparison purposes over time. The New Orleans Police Department will not be responsible for any error or omission, or for the use of, or the results obtained from the use of this information. All data visualizations on maps should be considered approximate and attempts to derive specific addresses are strictly prohibited. The New Orleans Police Department is not responsible for the content of any off-site pages that are referenced by or that reference this web page other than an official City of New Orleans or New Orleans Police Department web page. The user specifically acknowledges that the New Orleans Police Department is not responsible for any defamatory, offensive, misleading, or illegal conduct of other users, links, or third parties and that the risk of injury from the foregoing rests entirely with the user. Any use of the information for commercial purposes is strictly prohibited. The unauthorized use of the words ""New Orleans Police Department,"" ""NOPD,"" or any colorable imitation of these words or the unauthorized use of the New Orleans Police Department logo is unlawful. This web page does not, in any way, authorize such use.",Orleans Parish Communications District,dataset,2024-12-02T09:00:40.000Z,2024-01-01T09:00:19.000Z,2024-12-02T09:00:40.000Z,"['block_address', 'beat', 'timeclosed', 'timearrive', 'initialtype', 'typetext', 'disposition', 'initialtypetext', 'type_', 'nopd_item', 'timedispatch', 'mapx', 'priority', 'policedistrict', 'dispositiontext', 'timecreate', 'mapy', 'initialpriority', 'zip', 'location', 'selfinitiated', ':@computed_region_u4yh_3wk9', ':@computed_region_evki_aju8', ':@computed_region_sikx_bdeb', ':@computed_region_spev_d8jm', ':@computed_region_7fw3_kdpf', ':@computed_region_m56f_hbma', ':@computed_region_k37d_then', ':@computed_region_ewbu_t8bu']","['', '', '', '', '', '', '', '', '', '', '', '', '', '', '', '', '', '', '', '', '', ""This column was automatically created in order to record in what polygon from the dataset 'Census - 2010' (u4yh-3wk9) the point in column 'location' is located.  This enables the creation of region maps (choropleths) in the visualization canvas and data lens."", ""This column was automatically created in order to record in what polygon from the dataset 'Police Districts' (evki-aju8) the point in column 'location' is located.  This enables the creation of region maps (choropleths) in the visualization canvas and data lens."", ""This column was automatically created in order to record in what polygon from the dataset 'Neighborhood Organizations' (sikx-bdeb) the point in column 'location' is located.  This enables the creation of region maps (choropleths) in the visualization canvas and data lens."", ""This column was automatically created in order to record in what polygon from the dataset 'Zip Codes' (spev-d8jm) the point in column 'location' is located.  This enables the creation of region maps (choropleths) in the visualization canvas and data lens."", ""This column was automatically created in order to record in what polygon from the dataset '(ALTERNATE) - Neighborhood Statistical Areas' (7fw3-kdpf) the point in column 'location' is located.  This enables the creation of region maps (choropleths) in the visualization canvas and data lens."", ""This column was automatically created in order to record in what polygon from the dataset 'Self-Reported Neighborhood Organizations (SRNOs) Boundaries' (m56f-hbma) the point in column 'location' is located.  This enables the creation of region maps (choropleths) in the visualization canvas and data lens."", ""This column was automatically created in order to record in what polygon from the dataset 'Council Districts' (k37d-then) the point in column 'location' is located.  This enables the creation of region maps (choropleths) in the visualization canvas and data lens."", ""This column was automatically created in order to record in what polygon from the dataset 'Blocks' (ewbu-t8bu) the point in column 'location' is located.  This enables the creation of region maps (choropleths) in the visualization canvas and data lens.""]",official,,,2zcj-b6ts
Richmond Police Department  - Crime Incidents,t3nu-7bbq,Richmond,1,"Crime incidents and offenses reported by the Richmond Police Department.
*Note: Each report only counts the top crime offense, so it may differ from NIBRS/DOJ count and published Crime-Stat reports on the RPD website (for example, if 1 incident report had multiple offenses occur, only the first/top offense is counted in this).",Richmond Police Department,dataset,2024-12-02T08:46:57.000Z,2019-12-09T14:03:25.000Z,2024-12-02T08:46:57.000Z,"['reportnumber', 'createddateutc', 'offensedateutc', 'offensecode', 'offense_grouping', 'streetblock', 'streetname', 'city', 'state', 'zipcode']","['Crime incident report number', 'Date and time the report was created', 'Date and time the offense occurred', 'Offense code', 'Offense grouping as defined by the Richmond Police Department', 'Due to privacy concerns, the exact address is not published. The nearest 100 block is listed.', '', '', '', '']",official,,,t3nu-7bbq
Police Data: Crime Reports,aghs-hqvg,Somerville,1,"This dataset contains crime reports from the City of Somerville Police Department's records management system from 2017 to present. Each data point represents an incident, which may involve multiple offenses (the most severe offense is provided here). 
<p>Incidents deemed sensitive by enforcement agencies are included in the data set but are stripped of time or location information to protect the privacy of victims. For these incidents, only the year of the offense is provided. 

<p>This data set is refreshed daily with data appearing with a one-month delay (for example, crime reports from 1/1 will appear on 2/1). If a daily update does not refresh, please email data@somervillema.gov.",Somerville PD,dataset,2024-12-02T07:02:34.000Z,2023-12-01T20:49:46.000Z,2024-12-02T07:02:34.000Z,"['offensecode', 'ward', 'day_and_month', 'offensetype', 'incnum', 'blockcode', 'offense', 'category', 'police_shift', 'year', 'incdesc']","['The three-digit data values are used to identify the offenses for submission by law enforcement agencies to the FBI. ', 'The Ward where the incident occurred.', 'The day and month the incident was reported to the Somerville Police ', 'A sub-category that groups some similar offense types.  ', 'A unique identification number associated with each incident report.', 'Block codes represent the census block where each incident occurred. Somerville is composed of approximately 700 census blocks.  Census blocks are numbered uniquely with a four-digit census block number from 0000 to 9999 within census tract code, which nests within state and county codes. ', 'Offense Types are used to categorize or organize the crimes committed throughout the United States. The use of standardized definitions is essential to the maintenance of uniform and consistent data. This practice ensures all criminal offenses of law, regardless of their different titles under state and local law or United States titles and statutes, are considered and appropriately counted.  ', 'The most significant offense types, determined based on the severity of the offense or the frequency with which it occurs, belong in one of three categories: Crimes against Persons, Crimes against Property, and Crimes against Society. Crimes Against Persons, e.g., Murder, Rape, and Assault, are those offenses whose victims are always individuals. The object of Crimes Against Property, e.g., Robbery, Bribery, and Burglary, is to obtain money, property, or some other benefit. Crimes Against Society, e.g., Animal Cruelty, Drug Violations, Gambling, and Prostitution, represent society’s prohibition against engaging in certain types of activity.', 'The police shift during which an incident occurred.   ', 'The year the incident was reported to the Somerville Police Department. Separated from day and month to make sensitive incidents more anonymous.', '']",official,,,aghs-hqvg
Electronic Police Report 2024,c5iy-ew8n,New Orleans,1,"All Police Reports filed by NOPD officers including incident and supplemental reports containing the item number, location, disposition, signal, charges, offender race, offender gender, offender age, victim age, victim gender, and victim race. Police Reports can be updated when subsequent information is determined as a result of an investigation. In order to protect the privacy of victims, addresses are shown at the block level. Disclaimer: The New Orleans Police Department does not guarantee (either expressed or implied) the accuracy, completeness, timeliness, or correct sequencing of the information. The New Orleans Police Department will not be responsible for any error or omission, or for the use of, or the results obtained from the use of this information. For instance, the data contains ages that may be negative due to data entry errors. NOPD has chosen to publish the data as it exists in the source systems for transparency and has instituted data validation where appropriate to ensure quality data in the future. All data visualizations on maps should be considered approximate and attempts to derive specific addresses are strictly prohibited. The New Orleans Police Department is not responsible for the content of any off-site pages that are referenced by or that reference this web page other than an official City of New Orleans or New Orleans Police Department web page. The user specifically acknowledges that the New Orleans Police Department is not responsible for any defamatory, offensive, misleading, or illegal conduct of other users, links, or third parties and that the risk of injury from the foregoing rests entirely with the user. Any use of the information for commercial purposes is strictly prohibited. The unauthorized use of the words ""New Orleans Police Department,"" ""NOPD,"" or any colorable imitation of these words or the unauthorized use of the New Orleans Police Department logo is unlawful. This web page does not, in any way, authorize such use.",Police Department (NOPD),dataset,2024-12-02T06:45:40.000Z,2024-01-24T17:08:32.000Z,2024-12-02T06:45:40.000Z,"['victim_race', 'charge_description', 'victim_age', 'offender_race', 'charge_code', 'occurred_date_time', 'disposition', 'district', 'signal_description', 'hate_crime', 'offender_number', 'victim_number', 'location', 'item_number', 'victim_gender', 'victim_fatal_status', 'offender_gender', 'report_type', 'persontype', 'offender_age', 'offenderid', 'signal_type', 'offenderstatus']","['', '', '', '', '', '', '', '', '', '', '', '', '', '', '', '', '', '', '', '', '', '', '']",official,,,c5iy-ew8n
Crime Data,k6ic-7kp7,Fort Worth,1,This data comes from the police department and includes crime data sorted by offense.  To respect the privacy of juvenile offenses and witnesses the data has been generalized to the hundred block of the event.  Cases involving juvenile related data has been removed.  The data is updated  weekly.,City of Fort Worth,dataset,2024-12-01T21:44:37.000Z,2014-12-08T04:30:51.000Z,2024-12-01T21:44:37.000Z,"[':@computed_region_nnh8_mcwc', ':@computed_region_qwjb_2inx', ':@computed_region_fn9q_qpdm', ':@computed_region_bgtw_5uv7', 'location_1_state', 'locationtypedescription', 'location_type', 'councildistrict', 'beat', 'city', 'offense_desc', 'reported_date', 'case_no_offense', 'block_address', 'nature_of_call', 'attempt_complete', 'location_1_city', 'state', 'offense', 'from_date', 'case_no', 'location_1', 'division', 'location_1_zip', 'location_1_address', ':@computed_region_yjg4_vj9w']","['', '', '', '', '', 'The Location type code description for the offense', 'The Location type code for the offense', 'The Council District Code where the offense occurred. A listing of all Council Districts and maps of each can be found at fortworthtexas.gov/government/', 'The Police beat of the offense in its corresponding Patrol Division. A listing of all beats and a boundary map can be found under each Patrol Division on police.fortworthtexas.gov', 'The city where the offense occurred (""Fort Worth"")', 'Description of the offense', 'The date the offense was reported', 'Case Number and Offense Code for unique record retrieval ', 'Hundred block where the incident took place', 'The type of offense', 'A code which indicates if the offense was C = Completed,  A = Attempted', '', 'The state abbreviation code where the offense occurred (""TX"")', 'The offense code. The following offenses are excluded from this dataset for legal reasons - Sexual Assault Adult, Sexual Assault Child, Sexual Assault Indecency w/child, Juvenile (17 years or younger) Runaway', 'The date the offense began ', 'The Case Number assigned. A case can have multiple offenses', 'The location of the offense via Longitude and Latitude coordinates for mapping purposes', 'The Police division of the offense:  North, East, South, West, Northwest, & Central.', '', '', '']",official,,,k6ic-7kp7
CrimeWatch Data,ppgh-7dqv,Oakland,1,"A full dataset of CrimeWatch data.

The Oakland Police Department provides crime data to the public through the City of Oakland's Crime Watch web site. This site presents the data in a geographic format, which allows users of the information to produce maps and/or reports.

The file that you are about to electronically download, copy, or otherwise retrieve by other means is a tabular representation of the same data without maps or reporting capabilities. Be advised that the exact address of each crime has been substituted with the block address to protect the privacy of the victim.

Please note: This Crime data are captured from reports filed with the police Department. There may be delays in data due to data processing, incident reporting or maybe technical in nature. Please allow up to 90 days from the end of each month for the data to be completely processed. For example, if you want to retrieve the full data set for the month of March, you will need to generate your report on or after June 30th. (A full 90 days after March 31st)",Oakland Police Department,dataset,2024-12-01T13:38:07.000Z,2021-06-17T15:44:42.000Z,2024-12-01T13:38:07.000Z,"['crimetype', 'address', 'location', 'city', 'policebeat', 'datetime', 'state', 'casenumber', 'description', ':@computed_region_w23w_jfhw']","['', '', '', '', '', '', '', '', '', ""This column was automatically created in order to record in what polygon from the dataset 'Zip Codes' (w23w-jfhw) the point in column 'location' is located.  This enables the creation of region maps (choropleths) in the visualization canvas and data lens.""]",official,,,ppgh-7dqv
Crime Data - Past 12 Months,9ik3-ebpg,Pierce County,1,"This data shows approximate location of select offenses within unincorporated Pierce County, and the cities of Bonney Lake, Eatonville, Edgewood, Gig Harbor, Puyallup, South Prairie, and University Place. The data is for the previous 12 months and is updated monthly.  Please see full metadata (https://matterhorn.piercecountywa.gov/GISmetadata/pdbsd_crime_data.html) for additional information. Any use or data download constitutes acceptance of the Terms of Use (https://matterhorn.piercecountywa.gov/Disclaimer/PierceCountyGISDataTermsofUse.pdf).",,dataset,2024-12-01T12:52:00.000Z,2023-10-11T20:11:21.000Z,2024-11-06T11:26:12.000Z,"['xcoord', 'loccode', 'occurredon', 'district', 'the_geom', 'city', 'nat_name', 'public_nam', 'caseno', 'objectid', 'ycoord']","['', '', '', '', '', '', '', '', '', '', '']",official,,,9ik3-ebpg
EBR Sheriff's Office Crime Incidents,7y8j-nrht,Baton Rouge ,1,"Crime incident reports beginning January 1, 2021. Includes records for all crimes such as burglaries (vehicle, residential and non-residential), robberies (individual and business), auto theft, homicides and other crimes against people, property and society that occurred within the Parish of East Baton Rouge and responded to by the East Baton Rouge Parish Sheriff's Office.  

Please see the disclaimer attachment in the About section of the primer page.",EBR Sheriff's Office,dataset,2024-12-01T12:16:15.000Z,2023-05-12T11:30:59.000Z,2024-12-01T12:16:15.000Z,"['council_district', 'zone', 'district', 'report_date', 'geolocation', 'crime_against', 'census_block_group', 'statute_title', 'latitude', 'longitude', 'crime_prevention_district', 'offense_description', 'statute_category', 'statute_description', 'sub_zone', 'state', 'approved_date', 'charge_date', 'charge_id', 'attempted_committed', 'incident_number', 'neighborhood', 'nibrs_code', 'postal_code', 'city', 'street_2', 'street']","['Metropolitan Council district where the crime occurred', 'Secondary level in the patrol area hierarchy where the crime occurred', 'Primary level in the patrol area hierarchy where the crime occurred', 'Month, day, year, and time of day when the police officer filed the crime incident report', 'Geocoded location for displaying in a map view', 'Description of the party (Person, Property, or Society) which was a victim of the criminal incident', 'Code for the Census block group where the crime occurred', 'Numerical legal code the LA Revised Statute refers to concerning the crime committed', 'Geographic latitude coordinate (north-south) where the crime occurred', 'Geographic longitude coordinate (east-west) where the crime occurred', 'If applicable, the name of the crime prevention district where the crime occurred', 'Description of the category of the National Incident-Based Reporting System code', 'One of 18 general codes used for filtering the reported crime data', 'Common terminology for the LA Revised Statutes (ex. theft, battery, property damage)', 'Tertiary level in the patrol area hierarchy where the crime occurred', 'State where the crime occurred', 'Date the report was reviewed and approved by the supervisor', 'Month, day, year, and time of day when the charges for the crime incident took place', 'Unique identifier of the crime incident report', 'Code to indicate whether the crime was attempted or committed', 'Report number of the incident', 'Neighborhood where the crime occurred', 'National Incident-Based Reporting System code for standardized crime reports used by the FBI and other federal agencies', 'Postal ZIP code where the crime occurred', 'Postal city where the crime occurred', 'If applicable, the number of the suite or apartment number where the crime occurred', 'Specific street location where the crime occurred']",official,,,7y8j-nrht
Electronic Police Report 2020,hjbe-qzaz,New Orleans,1,"All Police Reports filed by NOPD officers including incident and supplemental reports containing the item number, location, disposition, signal, charges, offender race, offender gender, offender age, victim age, victim gender, and victim race. Police Reports can be updated when subsequent information is determined as a result of an investigation. In order to protect the privacy of victims, addresses are shown at the block level.

Disclaimer: The New Orleans Police Department does not guarantee (either expressed or implied) the accuracy, completeness, timeliness, or correct sequencing of the information. The New Orleans Police Department will not be responsible for any error or omission, or for the use of, or the results obtained from the use of this information. For instance, the data contains ages that may be negative due to data entry errors. NOPD has chosen to publish the data as it exists in the source systems for transparency and has instituted data validation where appropriate to ensure quality data in the future. All data visualizations on maps should be considered approximate and attempts to derive specific addresses are strictly prohibited. The New Orleans Police Department is not responsible for the content of any off-site pages that are referenced by or that reference this web page other than an official City of New Orleans or New Orleans Police Department web page. The user specifically acknowledges that the New Orleans Police Department is not responsible for any defamatory, offensive, misleading, or illegal conduct of other users, links, or third parties and that the risk of injury from the foregoing rests entirely with the user. Any use of the information for commercial purposes is strictly prohibited. The unauthorized use of the words ""New Orleans Police Department,"" ""NOPD,"" or any colorable imitation of these words or the unauthorized use of the New Orleans Police Department logo is unlawful. This web page does not, in any way, authorize such use.",Police Department (NOPD),dataset,2024-11-30T07:00:21.000Z,2021-02-04T22:31:53.000Z,2024-11-30T07:00:21.000Z,"['victim_number', 'offender_age', 'offenderstatus', 'offender_number', 'charge_description', 'charge_code', 'occurred_date_time', 'signal_description', 'signal_type', 'location', 'victim_age', 'offender_gender', 'offender_race', 'district', 'item_number', 'offenderid', 'report_type', 'hate_crime', 'victim_fatal_status', 'victim_gender', 'victim_race', 'persontype', 'disposition']","['', '', '', '', '', '', '', '', '', '', '', '', '', '', '', '', '', '', '', '', '', '', '']",official,,,hjbe-qzaz
Electronic Police Report 2021,6pqh-bfxa,New Orleans,1,"All Police Reports filed by NOPD officers including incident and supplemental reports containing the item number, location, disposition, signal, charges, offender race, offender gender, offender age, victim age, victim gender, and victim race. Police Reports can be updated when subsequent information is determined as a result of an investigation. In order to protect the privacy of victims, addresses are shown at the block level. Disclaimer: The New Orleans Police Department does not guarantee (either expressed or implied) the accuracy, completeness, timeliness, or correct sequencing of the information. The New Orleans Police Department will not be responsible for any error or omission, or for the use of, or the results obtained from the use of this information. For instance, the data contains ages that may be negative due to data entry errors. NOPD has chosen to publish the data as it exists in the source systems for transparency and has instituted data validation where appropriate to ensure quality data in the future. All data visualizations on maps should be considered approximate and attempts to derive specific addresses are strictly prohibited. The New Orleans Police Department is not responsible for the content of any off-site pages that are referenced by or that reference this web page other than an official City of New Orleans or New Orleans Police Department web page. The user specifically acknowledges that the New Orleans Police Department is not responsible for any defamatory, offensive, misleading, or illegal conduct of other users, links, or third parties and that the risk of injury from the foregoing rests entirely with the user. Any use of the information for commercial purposes is strictly prohibited. The unauthorized use of the words ""New Orleans Police Department,"" ""NOPD,"" or any colorable imitation of these words or the unauthorized use of the New Orleans Police Department logo is unlawful. This web page does not, in any way, authorize such use.",Police Department (NOPD),dataset,2024-11-30T07:00:20.000Z,2021-03-19T20:09:12.000Z,2024-11-30T07:00:20.000Z,"['victim_age', 'persontype', 'offender_age', 'offenderid', 'charge_description', 'occurred_date_time', 'signal_description', 'signal_type', 'location', 'report_type', 'disposition', 'victim_race', 'offenderstatus', 'offender_gender', 'item_number', 'victim_number', 'offender_race', 'victim_gender', 'offender_number', 'victim_fatal_status', 'hate_crime', 'district', 'charge_code']","['', '', '', '', '', '', '', '', '', '', '', '', '', '', '', '', '', '', '', '', '', '', '']",official,,,6pqh-bfxa
Electronic Police Report 2022,9wdb-bznc,New Orleans,1,"All Police Reports filed by NOPD officers including incident and supplemental reports containing the item number, location, disposition, signal, charges, offender race, offender gender, offender age, victim age, victim gender, and victim race. Police Reports can be updated when subsequent information is determined as a result of an investigation. In order to protect the privacy of victims, addresses are shown at the block level. Disclaimer: The New Orleans Police Department does not guarantee (either expressed or implied) the accuracy, completeness, timeliness, or correct sequencing of the information. The New Orleans Police Department will not be responsible for any error or omission, or for the use of, or the results obtained from the use of this information. For instance, the data contains ages that may be negative due to data entry errors. NOPD has chosen to publish the data as it exists in the source systems for transparency and has instituted data validation where appropriate to ensure quality data in the future. All data visualizations on maps should be considered approximate and attempts to derive specific addresses are strictly prohibited. The New Orleans Police Department is not responsible for the content of any off-site pages that are referenced by or that reference this web page other than an official City of New Orleans or New Orleans Police Department web page. The user specifically acknowledges that the New Orleans Police Department is not responsible for any defamatory, offensive, misleading, or illegal conduct of other users, links, or third parties and that the risk of injury from the foregoing rests entirely with the user. Any use of the information for commercial purposes is strictly prohibited. The unauthorized use of the words ""New Orleans Police Department,"" ""NOPD,"" or any colorable imitation of these words or the unauthorized use of the New Orleans Police Department logo is unlawful. This web page does not, in any way, authorize such use.",Police Department (NOPD),dataset,2024-11-30T07:00:18.000Z,2022-01-03T22:35:59.000Z,2024-11-30T07:00:18.000Z,"['victim_age', 'persontype', 'victim_number', 'offender_age', 'offender_race', 'offenderid', 'charge_description', 'charge_code', 'occurred_date_time', 'signal_description', 'signal_type', 'item_number', 'offender_number', 'location', 'offender_gender', 'report_type', 'victim_gender', 'district', 'victim_race', 'disposition', 'hate_crime', 'victim_fatal_status', 'offenderstatus']","['', '', '', '', '', '', '', '', '', '', '', '', '', '', '', '', '', '', '', '', '', '', '']",official,,,9wdb-bznc
Electronic Police Report 2023,j3gz-62a2,New Orleans,1,"All Police Reports filed by NOPD officers including incident and supplemental reports containing the item number, location, disposition, signal, charges, offender race, offender gender, offender age, victim age, victim gender, and victim race. Police Reports can be updated when subsequent information is determined as a result of an investigation. In order to protect the privacy of victims, addresses are shown at the block level. Disclaimer: The New Orleans Police Department does not guarantee (either expressed or implied) the accuracy, completeness, timeliness, or correct sequencing of the information. The New Orleans Police Department will not be responsible for any error or omission, or for the use of, or the results obtained from the use of this information. For instance, the data contains ages that may be negative due to data entry errors. NOPD has chosen to publish the data as it exists in the source systems for transparency and has instituted data validation where appropriate to ensure quality data in the future. All data visualizations on maps should be considered approximate and attempts to derive specific addresses are strictly prohibited. The New Orleans Police Department is not responsible for the content of any off-site pages that are referenced by or that reference this web page other than an official City of New Orleans or New Orleans Police Department web page. The user specifically acknowledges that the New Orleans Police Department is not responsible for any defamatory, offensive, misleading, or illegal conduct of other users, links, or third parties and that the risk of injury from the foregoing rests entirely with the user. Any use of the information for commercial purposes is strictly prohibited. The unauthorized use of the words ""New Orleans Police Department,"" ""NOPD,"" or any colorable imitation of these words or the unauthorized use of the New Orleans Police Department logo is unlawful. This web page does not, in any way, authorize such use.",Police Department (NOPD),dataset,2024-11-30T07:00:15.000Z,2023-01-03T22:00:33.000Z,2024-11-30T07:00:15.000Z,"['victim_age', 'persontype', 'victim_number', 'offender_age', 'offenderstatus', 'offenderid', 'charge_code', 'signal_description', 'location', 'item_number', 'report_type', 'offender_gender', 'charge_description', 'victim_race', 'offender_race', 'occurred_date_time', 'district', 'victim_fatal_status', 'offender_number', 'signal_type', 'hate_crime', 'victim_gender', 'disposition']","['', '', '', '', '', '', '', '', '', '', '', '', '', '', '', '', '', '', '', '', '', '', '']",official,,,j3gz-62a2
Crime Data from 2020 to Present,2nrs-mtv8,Los Angeles,1,"***Starting on March 7th, 2024, the Los Angeles Police Department (LAPD) will adopt a new Records Management System for reporting crimes and arrests. This new system is being implemented to comply with the FBI's mandate to collect NIBRS-only data (NIBRS — FBI - https://www.fbi.gov/how-we-can-help-you/more-fbi-services-and-information/ucr/nibrs).
During this transition, users will temporarily see only incidents reported in the retiring system. However, the LAPD is actively working on generating new NIBRS datasets to ensure a smoother and more efficient reporting system. ***

******Update 1/18/2024 - LAPD is facing issues with posting the Crime data, but we are taking immediate action to resolve the problem. We understand the importance of providing reliable and up-to-date information and are committed to delivering it.

As we work through the issues, we have temporarily reduced our updates from weekly to bi-weekly to ensure that we provide accurate information. Our team is actively working to identify and resolve these issues promptly.

We apologize for any inconvenience this may cause and appreciate your understanding. Rest assured, we are doing everything we can to fix the problem and get back to providing weekly updates as soon as possible. ****** 


This dataset reflects incidents of crime in the City of Los Angeles dating back to 2020. This data is transcribed from original crime reports that are typed on paper and therefore there may be some inaccuracies within the data. Some location fields with missing data are noted as (0°, 0°). Address fields are only provided to the nearest hundred block in order to maintain privacy. This data is as accurate as the data in the database. Please note questions or concerns in the comments.",Los Angeles Police Department,dataset,2024-11-27T15:21:19.000Z,2020-02-10T22:26:58.000Z,2024-11-27T15:21:19.000Z,"['lon', 'location', 'status_desc', 'premis_desc', 'crm_cd_desc', 'time_occ', 'date_rptd', 'crm_cd_4', 'crm_cd_2', 'vict_sex', 'lat', 'cross_street', 'weapon_used_cd', 'vict_age', 'rpt_dist_no', 'area', 'status', 'weapon_desc', 'premis_cd', 'area_name', 'mocodes', 'crm_cd', 'date_occ', 'dr_no', 'part_1_2', 'crm_cd_3', 'crm_cd_1', 'vict_descent']","['Longtitude', 'Street address of crime incident rounded to the nearest hundred block to maintain anonymity.', 'Defines the Status Code provided.', 'Defines the Premise Code provided.', 'Defines the Crime Code provided.', 'In 24 hour military time.', 'MM/DD/YYYY', 'May contain a code for an additional crime, less serious than Crime Code 1.', 'May contain a code for an additional crime, less serious than Crime Code 1. ', 'F - Female M - Male X - Unknown', 'Latitude', 'Cross Street of rounded Address', 'The type of weapon used in the crime. ', 'Two character numeric', 'A four-digit code that represents a sub-area within a Geographic Area. All crime records reference the ""RD"" that it occurred in for statistical comparisons. Find LAPD Reporting Districts on the LA City GeoHub at http://geohub.lacity.org/datasets/c4f83909b81d4786aa8ba8a74a4b4db1_4 ', 'The LAPD has 21 Community Police Stations referred to as Geographic Areas within the department. These Geographic Areas are sequentially numbered from 1-21.', 'Status of the case. (IC is the default)', 'Defines the Weapon Used Code provided.', 'The type of structure, vehicle, or location where the crime took place.', 'The 21 Geographic Areas or Patrol Divisions are also given a name designation that references a landmark or the surrounding community that it is responsible for. For example 77th Street Division is located at the intersection of South Broadway and 77th Street, serving neighborhoods in South Los Angeles.', 'Modus Operandi: Activities associated with the suspect in commission of the crime.See attached PDF for list of MO Codes in numerical order. https://data.lacity.org/api/views/y8tr-7khq/files/3a967fbd-f210-4857-bc52-60230efe256c?download=true&filename=MO%20CODES%20(numerical%20order).pdf', 'Indicates the crime committed. (Same as Crime Code 1)', 'MM/DD/YYYY', 'Division of Records Number: Official file number made up of a 2 digit year, area ID, and 5 digits', '', 'May contain a code for an additional crime, less serious than Crime Code 1.', 'Indicates the crime committed. Crime Code 1 is the primary and most serious one. Crime Code 2, 3, and 4 are respectively less serious offenses. Lower crime class numbers are more serious.', 'Descent Code: A - Other Asian B - Black C - Chinese D - Cambodian F - Filipino G - Guamanian H - Hispanic/Latin/Mexican I - American Indian/Alaskan Native J - Japanese K - Korean L - Laotian O - Other P - Pacific Islander S - Samoan U - Hawaiian V - Vietnamese W - White X - Unknown Z - Asian Indian']",official,,,2nrs-mtv8
Crime Responses,gvua-xt9q,Gainesville,1,"Disclaimer:
Crime Responses is provided by the Gainesville Police Department (GPD) to document initial details surrounding an incident to which GPD officers respond. This dataset contains crime incidents from 2011 to present and includes a reduced set of fields focused on capturing the type of incident as well when and where an incident occurred.
The Incident location addresses have been rounded off and are not the exact location due to the constitutional amendment known as ""Marsy's Law"".

In 2021, Florida reporting of crime data began a transition from Summary Reporting System (SRS) to National Incident-Based Reporting System (NIBRS), causing an effect on crime statistics reported by Law Enforcement Agencies such as the Gainesville Police Department who made this transition on November 16, 2021.  The effect would be an increase in crime due to the elimination of the SRS Hierarchy Rule which collected only the most serious offense in an incident while NIBRS will now capture up to 10 offenses per incident and specifies more offense categories than SRS.  The inclusion of these crimes, particularly property crimes, will reflect an increase in crime when switching from SRS reporting to NIBRS' reporting.  The apparent increase (usually not greater than 2.7%) is simply due to the difference between how crimes are counted in NIBRS versus the SRS and its application of the Hierarchy Rule.  More information regarding NIBRS effect on crime statistics can be found on the following link:  https://ucr.fbi.gov/nibrs/2014/resource-pages/effects_of_nibrs_on_crime_statistics_final.pdf.",Gainesville Police Department,dataset,2024-11-26T17:15:10.000Z,2014-11-20T13:40:37.000Z,2024-11-26T17:15:10.000Z,"['report_hour_of_day', 'offense_hour_of_day', 'latitude', 'state', ':@computed_region_axii_i744', ':@computed_region_u9vc_vmbc', ':@computed_region_4rat_gsiv', ':@computed_region_9cfm_spy5', ':@computed_region_43jd_v64e', ':@computed_region_ndi2_bfht', 'report_day_of_week', 'id', 'narrative', ':@computed_region_e6r8_dw75', 'city', 'longitude', 'report_date', 'offense_date', 'address', ':@computed_region_ecgy_hwrz', 'offense_day_of_week', 'location']","['Hour of the day when the offense was reported.', 'Hour of day when the offense took place.', 'Latitude of the street block where the offense took place.', 'State where the incident occurred. ', '', '', '', '', '', '', 'Day of the week when the offense was reported.', 'Incident identification number. ', 'Type of incident that occured.', '', 'City where the incident occurred. ', 'Longitude of the street block where the offense took place.', 'Date and time that the incident report was filed. ', 'Date and time of the offense.', 'Location of the offense approximated to street block.', '', 'Day of the week when the offense took place.', 'Geo-coded point of the street block where the offense took place.']",official,,,gvua-xt9q
Crime Data - Past 12 Months,a529-trku,Pierce County,1,"This data shows approximate location of select offenses within unincorporated Pierce County, and the cities of Bonney Lake, Eatonville, Edgewood, Gig Harbor, Puyallup, South Prairie, and University Place. The data is for the previous 12 months and is updated monthly.  Please see full metadata (https://matterhorn.piercecountywa.gov/GISmetadata/pdbsd_crime_data.html) for additional information. Any use or data download constitutes acceptance of the Terms of Use (https://matterhorn.piercecountywa.gov/Disclaimer/PierceCountyGISDataTermsofUse.pdf).",,dataset,2024-11-24T13:48:51.000Z,2023-10-11T19:28:24.000Z,2024-11-24T13:48:51.000Z,"['ycoord', 'the_geom', 'district', 'xcoord', 'caseno', 'public_nam', 'loccode', 'objectid', 'occurredon', 'city', 'nat_name']","['', '', '', '', '', '', '', '', '', '', '']",official,,,a529-trku
KCPD Crime Data (2020),iwfh-56bm,Kansas City,1,"This is data from KCPD that has been cleaned for ease of use and mapping purposes. If you would like a copy of the raw dataset, please email data@kcmo.org.",,dataset,2024-11-04T19:37:18.000Z,2024-10-31T13:33:01.000Z,2024-10-31T13:35:29.000Z,"['rep_dist', 'offense', 'firearm_used_flag', ':@computed_region_kk66_ngf4', ':@computed_region_k7in_q28t', ':@computed_region_w4hf_t6bp', ':@computed_region_qizh_zmq5', ':@computed_region_vrdq_ghvi', 'report_no', 'suspect_count', 'arrestee_count', 'victim_count', 'deceased_count', 'reported_date', 'reported_time', 'from_date', 'from_time', 'to_date', 'to_time', 'ibrs', 'description', 'beat', 'address', 'city', 'zip_code', 'area', 'dvflag', 'location', 'offense_type', 'violent_flag', 'latitude', 'longitude', 'geoloc']","['', '', '', ""This column was automatically created in order to record in what polygon from the dataset 'Neighborhood Census' (kk66-ngf4) the point in column 'geoloc' is located.  This enables the creation of region maps (choropleths) in the visualization canvas and data lens."", ""This column was automatically created in order to record in what polygon from the dataset 'Public Works Maintenance Districts' (k7in-q28t) the point in column 'geoloc' is located.  This enables the creation of region maps (choropleths) in the visualization canvas and data lens."", ""This column was automatically created in order to record in what polygon from the dataset 'Zip Codes' (w4hf-t6bp) the point in column 'geoloc' is located.  This enables the creation of region maps (choropleths) in the visualization canvas and data lens."", ""This column was automatically created in order to record in what polygon from the dataset 'City Council Districts (effective 2023)' (qizh-zmq5) the point in column 'geoloc' is located.  This enables the creation of region maps (choropleths) in the visualization canvas and data lens."", ""This column was automatically created in order to record in what polygon from the dataset 'Community Improvement District' (vrdq-ghvi) the point in column 'geoloc' is located.  This enables the creation of region maps (choropleths) in the visualization canvas and data lens."", '', '', '', '', '', '', '', '', '', '', '', '', '', '', '', '', '', '', '', '', '', '', '', '', '']",official,,,iwfh-56bm
KCPD Crime Data (2022),47em-g6gm,Kansas City,1,"This is data from KCPD that has been cleaned for ease of use and mapping purposes. If you would like a copy of the raw dataset, please email data@kcmo.org.",,dataset,2024-11-04T19:18:17.000Z,2024-10-31T14:11:48.000Z,2024-10-31T14:14:28.000Z,"['zip_code', 'longitude', 'latitude', 'offense_type', 'fire_arm_used_flag', 'dvflag', 'area', 'rep_dist', 'city', 'address', 'beat', 'description', 'ibrs', 'offense', 'to_time', 'to_date', 'from_time', 'from_date', 'reported_time', 'reported_date', 'deceased_count', 'victim_count', 'arrestee_count', 'suspect_count', 'report_no', ':@computed_region_vrdq_ghvi', ':@computed_region_qizh_zmq5', ':@computed_region_w4hf_t6bp', ':@computed_region_k7in_q28t', ':@computed_region_kk66_ngf4', 'violent_flag', 'geoloc']","['', '', '', '', '', '', '', '', '', '', '', '', '', '', '', '', '', '', '', '', '', '', '', '', '', ""This column was automatically created in order to record in what polygon from the dataset 'Community Improvement District' (vrdq-ghvi) the point in column 'geoloc' is located.  This enables the creation of region maps (choropleths) in the visualization canvas and data lens."", ""This column was automatically created in order to record in what polygon from the dataset 'City Council Districts (effective 2023)' (qizh-zmq5) the point in column 'geoloc' is located.  This enables the creation of region maps (choropleths) in the visualization canvas and data lens."", ""This column was automatically created in order to record in what polygon from the dataset 'Zip Codes' (w4hf-t6bp) the point in column 'geoloc' is located.  This enables the creation of region maps (choropleths) in the visualization canvas and data lens."", ""This column was automatically created in order to record in what polygon from the dataset 'Public Works Maintenance Districts' (k7in-q28t) the point in column 'geoloc' is located.  This enables the creation of region maps (choropleths) in the visualization canvas and data lens."", ""This column was automatically created in order to record in what polygon from the dataset 'Neighborhood Census' (kk66-ngf4) the point in column 'geoloc' is located.  This enables the creation of region maps (choropleths) in the visualization canvas and data lens."", '', '']",official,,,47em-g6gm
KCPD Crime Data (2023),3qnv-4fr6,Kansas City,1,"This is data from KCPD that has been cleaned for ease of use and mapping purposes. If you would like a copy of the raw dataset, please email data@kcmo.org.",,dataset,2024-11-04T19:17:02.000Z,2024-10-31T14:11:58.000Z,2024-10-31T14:15:48.000Z,"['area', 'dvflag', 'longitude', 'geoloc', 'victim_count', 'deceased_count', 'arrestee_count', 'suspect_count', 'reported_date', 'reported_time', 'from_date', 'from_time', 'to_date', 'to_time', 'offense', 'fire_arm_used_flag', 'offense_type', 'violent_flag', 'latitude', ':@computed_region_k7in_q28t', ':@computed_region_w4hf_t6bp', ':@computed_region_qizh_zmq5', ':@computed_region_vrdq_ghvi', 'report_no', 'city', 'address', 'beat', 'description', ':@computed_region_kk66_ngf4', 'ibrs', 'zip_code', 'rep_dist']","['', '', '', '', '', '', '', '', '', '', '', '', '', '', '', '', '', '', '', ""This column was automatically created in order to record in what polygon from the dataset 'Public Works Maintenance Districts' (k7in-q28t) the point in column 'geoloc' is located.  This enables the creation of region maps (choropleths) in the visualization canvas and data lens."", ""This column was automatically created in order to record in what polygon from the dataset 'Zip Codes' (w4hf-t6bp) the point in column 'geoloc' is located.  This enables the creation of region maps (choropleths) in the visualization canvas and data lens."", ""This column was automatically created in order to record in what polygon from the dataset 'City Council Districts (effective 2023)' (qizh-zmq5) the point in column 'geoloc' is located.  This enables the creation of region maps (choropleths) in the visualization canvas and data lens."", ""This column was automatically created in order to record in what polygon from the dataset 'Community Improvement District' (vrdq-ghvi) the point in column 'geoloc' is located.  This enables the creation of region maps (choropleths) in the visualization canvas and data lens."", '', '', '', '', '', ""This column was automatically created in order to record in what polygon from the dataset 'Neighborhood Census' (kk66-ngf4) the point in column 'geoloc' is located.  This enables the creation of region maps (choropleths) in the visualization canvas and data lens."", '', '', '']",official,,,3qnv-4fr6
Crime Reports,xuad-73uj,Cambridge,1,"List of crime incidents featured in the Cambridge Police Department’s Annual Crime Reports and reported in the City of Cambridge since 2009. Includes more than 40 crime types. Certain crime types are excluded due to confidentiality and/or protection of privacy.  Please Note: Addresses do not represent the actual location of the crime, but a near approximation within 100 block ranges. For reports published by the Cambridge Police Department’s Crime Analysis Unit, visit http://www.cambridgema.gov/cpd/Publications.aspx.


Best Data at the Time: All statistics, including yearly totals and weighted averages, are calculated using the best available data at the time. Occasionally, after our reports are published, factors determined during investigation will cause us to reclassify a crime to a higher or lower category, and thus you may see slight discrepancies between current and past reports. In all cases, the more recent data is the more correct data.

This dataset will be periodically revised to ensure compliance with all local, state and federal privacy rights and legal requirements.",City of Cambridge Police Department,dataset,2024-10-15T04:05:54.000Z,2014-05-30T14:33:29.000Z,2024-10-15T04:05:54.000Z,"['crime_date_time', 'location', 'reporting_area', 'crime', 'file_number', 'date_of_report', 'neighborhood']","['', 'This location information was purposefully left ungeocoded. We are working with Socrata to come up with a method to accurately geocode intersection locations', '', '', '', '', '']",official,,,xuad-73uj
KCPD Crime Data 2019 to 2024,egkn-fji8,Kansas City,1,Combined KCPD Crime Data from 2019 to 2024,City of Kansas City,dataset,2024-04-11T21:01:21.000Z,2024-03-22T18:45:58.000Z,2024-04-11T20:41:35.000Z,"['age_range', 'reported_time', 'from_date', ':@computed_region_vrdq_ghvi', 'geo_location1', 'location', 'fire_arm_used_flag', 'offense', 'ibrs', 'description', 'beat', 'dvflag', 'involvement', 'race', 'to_date', ':@computed_region_kk66_ngf4', ':@computed_region_k7in_q28t', 'address', 'city', 'to_time', 'zip_code', 'rep_dist', 'area', 'sex', 'age', 'from_time', 'reported_date', ':@computed_region_w4hf_t6bp', ':@computed_region_qizh_zmq5', 'report_no']","['', '', '', ""This column was automatically created in order to record in what polygon from the dataset 'Community Improvement District' (vrdq-ghvi) the point in column 'geo_location1' is located.  This enables the creation of region maps (choropleths) in the visualization canvas and data lens."", '', '', '', '', '', '', '', '', '', '', '', ""This column was automatically created in order to record in what polygon from the dataset 'Neighborhood Census' (kk66-ngf4) the point in column 'geo_location1' is located.  This enables the creation of region maps (choropleths) in the visualization canvas and data lens."", ""This column was automatically created in order to record in what polygon from the dataset 'Public Works Maintenance Districts' (k7in-q28t) the point in column 'geo_location1' is located.  This enables the creation of region maps (choropleths) in the visualization canvas and data lens."", '', '', '', '', '', '', '', '', '', '', ""This column was automatically created in order to record in what polygon from the dataset 'Zip Codes' (w4hf-t6bp) the point in column 'geo_location1' is located.  This enables the creation of region maps (choropleths) in the visualization canvas and data lens."", ""This column was automatically created in order to record in what polygon from the dataset 'City Council Districts (effective 2023)' (qizh-zmq5) the point in column 'geo_location1' is located.  This enables the creation of region maps (choropleths) in the visualization canvas and data lens."", '']",official,,,egkn-fji8
CorStat - SeeClickFix Data V2,xfgz-r4un,"Corona, CA",1,"Service requests submitted by the public using a web browser or mobile device. Data is pulled directly from the City of Corona's SeeClickFix application.<br>
<b><font color=""blue"">Update Frequency:</font></b> Daily<br>
<b><font color=""blue"">Data Disclaimer:</font></b> The City Of Corona (“Corona”) provides data available on this website as a service to the public. The data provided by Corona is based on historical data, information directly provided by Corona, information directly provided by Corona contractors and in some cases, information acquired during physical inspections. Corona does not guarantee the accuracy of this data and assumes no liability for any errors. The data shall be used for the sole purpose of providing the public with information regarding this program and not for any commercial, legal or other use. Corona assumes no liability for any decisions made or action taken or not taken by anyone using data provided from this website. Corona reserves the right to alter, amend or terminate at any time the display of this data.",City of Corona,dataset,2024-02-05T09:16:09.000Z,2018-04-23T20:09:28.000Z,2024-02-05T09:16:09.000Z,"['status', ':@computed_region_jzf3_x6hp', 'location_1', 'location_1_city', 'location_1_address', 'location_1_state', 'location_1_zip', 'srdate', 'enddate', 'daysactive', 'division', 'srid', 'priority', 'department', 'startdate', 'srnumber', 'type']","['', ""This column was automatically created in order to record in what polygon from the dataset 'Police Precincts_from_mz3e_qaq7' (jzf3-x6hp) the point in column 'location_1' is located. This enables the creation of region maps (choropleths) in the visualization canvas and data lens."", '', '', '', '', '', '', '', '', '', '', '', '', '', '', '']",official,,,xfgz-r4un
LAPD Calls for Service 2023,uq7m-rynj,LAPD,1,This dataset reflects calls for service incidents in the City of Los Angeles in the year 2023. This data is as accurate as the data in the database. Please note questions or concerns in the comments.,Los Angeles Police Department,dataset,2024-01-30T15:12:10.000Z,2023-01-27T03:23:34.000Z,2024-01-02T17:03:07.000Z,"['dispatch_time', 'call_type_text', 'dispatch_date', 'area_occ', 'call_type_code', 'rpt_dist', 'incident_number']","['', '', '', '', '', '', '']",official,,,uq7m-rynj
Sonoma County Sheriff's Office Incident Data,3rsj-iche,Sonoma,0,Sheriff’s incident reports are generated after either of two events 1) a citizen has reported an event/crime and a deputy has substantiated that a report is necessary or 2) a deputy has witnessed an event/crime in progress. These incident reports represent a wide spectrum of law enforcement activity from informational reports to serious crime reports. For more information about this dataset please go to the About button and click on the Attachment.,Sonoma County Sheriff's Office,dataset,2024-12-02T09:27:10.000Z,2015-05-19T22:19:55.000Z,2024-12-02T09:27:10.000Z,"['intersection', 'city', 'location_type', 'incident_type', 'incident_number', 'id', 'date_time', 'upload', 'location_state', 'agency', 'location_zip', 'location', 'agency_code', 'location_city', 'location_address', ':@computed_region_dig5_f3vy', ':@computed_region_xw9s_pz78']","['Closest intersection to the location where the event was reported. Intersections are used to protect victims identities.', 'Geographic area where the reported incident took place. Some unincorporated areas are given three character codes rather then full town names. Additionally city names do not imply that the report occurred within city limits, simply within a geographic area designated with that city name. Use the intersection or geographic coordinates to identify the incident location.', 'Location category for where the incident report occurred. In the case where multiple locations are reported only the first location will be displayed.', 'Incident category for the type of incident reported.', 'Sequential number assigned to the incident report.', 'Unique identifier', 'Date and time that the incident was reported to have taken place. For incidents such as burglary when there is a time range within which the incident occurred this is the first possible time the incident could have occurred.', 'Date the data was uploaded into Socrata after incident approval.', '', ""Agency that wrote the incident report including Sheriff's Office and contract city reports."", '', 'This column contains geo-coordinates used for mapping.', 'Agency code of agency that wrote the incident report.', '', '', '', '']",official,,,
